formula,gfa
Ag100,0
Al100,0
Au100,0
B100,0
Be100,0
Ca1Ag99,0
Ca1Al99,0
Ca1Cu99,0
Ca1Mg99,0
Ca10Ag90,0
Ca10Al90,1
Ca10Cu90,0
Ca10Mg90,0
Ca100,0
Ca11Ag89,0
Ca11Al89,1
Ca11Cu89,0
Ca11Mg89,0
Ca12Ag88,0
Ca12Al88,0
Ca12Cu88,0
Ca12Mg88,0
Ca13Ag87,0
Ca13Al87,0
Ca13Cu87,0
Ca13Mg87,0
Ca14Ag86,0
Ca14Al86,0
Ca14Cu86,0
Ca14Mg86,0
Ca15Ag85,0
Ca15Al85,0
Ca15Cu85,0
Ca15Mg85,0
Ca16Ag84,0
Ca16Al84,0
Ca16Cu84,0
Ca16Mg84,0
Ca17Ag83,0
Ca17Al83,0
Ca17Cu83,0
Ca17Mg83,0
Ca18Ag82,0
Ca18Al82,0
Ca18Cu82,0
Ca18Mg82,0
Ca19Ag81,0
Ca19Al81,0
Ca19Cu81,0
Ca19Mg81,0
Ca2Ag98,0
Ca2Al98,0
Ca2Cu98,0
Ca2Mg98,0
Ca20Ag80,0
Ca20Al80,0
Ca20Cu80,0
Ca20Mg80,0
Ca21Ag79,0
Ca21Al79,0
Ca21Cu79,0
Ca21Mg79,0
Ca22Ag78,0
Ca22Al78,0
Ca22Cu78,0
Ca22Mg78,0
Ca23Ag77,0
Ca23Al77,0
Ca23Cu77,0
Ca23Mg77,0
Ca24Ag76,0
Ca24Al76,0
Ca24Cu76,0
Ca24Mg76,0
Ca25Ag75,0
Ca25Al75,0
Ca25Cu75,0
Ca25Mg75,0
Ca26Ag74,0
Ca26Al74,0
Ca26Cu74,0
Ca26Mg74,0
Ca27Ag73,0
Ca27Al73,0
Ca27Cu73,0
Ca27Mg73,0
Ca28Ag72,0
Ca28Al72,0
Ca28Cu72,0
Ca28Mg72,0
Ca29Ag71,0
Ca29Al71,0
Ca29Cu71,0
Ca29Mg71,0
Ca3Ag97,0
Ca3Al97,0
Ca3Cu97,0
Ca3Mg97,0
Ca30Ag70,0
Ca30Al70,0
Ca30Cu70,0
Ca30Mg70,0
Ca31Ag69,0
Ca31Al69,0
Ca31Cu69,0
Ca31Mg69,0
Ca32Ag68,0
Ca32Al68,0
Ca32Cu68,0
Ca32Mg68,0
Ca33Ag67,0
Ca33Al67,0
Ca33Cu67,0
Ca33Mg67,0
Ca34Ag66,0
Ca34Al66,0
Ca34Cu66,0
Ca34Mg66,0
Ca35Ag65,0
Ca35Al65,0
Ca35Cu65,0
Ca35Mg65,0
Ca36Ag64,0
Ca36Al64,0
Ca36Cu64,0
Ca36Mg64,0
Ca37Ag63,0
Ca37Al63,0
Ca37Cu63,0
Ca37Mg63,0
Ca38Ag62,0
Ca38Al62,0
Ca38Cu62,0
Ca38Mg62,0
Ca39Ag61,0
Ca39Al61,0
Ca39Cu61,1
Ca39Mg61,0
Ca4Ag96,0
Ca4Al96,0
Ca4Cu96,0
Ca4Mg96,0
Ca40Ag60,0
Ca40Al60,0
Ca40Cu60,1
Ca40Mg60,0
Ca41Ag59,0
Ca41Al59,0
Ca41Cu59,1
Ca41Mg59,0
Ca42Ag58,0
Ca42Al58,0
Ca42Cu58,1
Ca42Mg58,0
Ca43Ag57,0
Ca43Al57,0
Ca43Cu57,1
Ca43Mg57,0
Ca44Ag56,0
Ca44Al56,0
Ca44Cu56,1
Ca44Mg56,0
Ca45Ag55,0
Ca45Al55,0
Ca45Cu55,1
Ca45Mg55,0
Ca46Ag54,0
Ca46Al54,0
Ca46Cu54,1
Ca46Mg54,0
Ca47Ag53,0
Ca47Al53,0
Ca47Cu53,1
Ca47Mg53,0
Ca48Ag52,0
Ca48Al52,0
Ca48Cu52,1
Ca48Mg52,0
Ca49Ag51,0
Ca49Al51,0
Ca49Cu51,1
Ca49Mg51,0
Ca5Ag95,0
Ca5Al95,0
Ca5Cu95,0
Ca5Mg95,0
Ca50Ag50,0
Ca50Al50,0
Ca50Cu50,1
Ca50Mg50,0
Ca51Ag49,0
Ca51Al49,0
Ca51Cu49,1
Ca51Mg49,0
Ca52Ag48,0
Ca52Al48,0
Ca52Cu48,1
Ca52Mg48,0
Ca53Ag47,0
Ca53Al47,0
Ca53Cu47,1
Ca53Mg47,0
Ca54Ag46,0
Ca54Al46,0
Ca54Cu46,1
Ca54Mg46,0
Ca55Ag45,0
Ca55Al45,1
Ca55Cu45,1
Ca55Mg45,0
Ca56Ag44,0
Ca56Al44,1
Ca56Cu44,1
Ca56Mg44,0
Ca57Ag43,0
Ca57Al43,1
Ca57Cu43,1
Ca57Mg43,0
Ca58Ag42,0
Ca58Al42,1
Ca58Cu42,1
Ca58Mg42,0
Ca59Ag41,1
Ca59Al41,1
Ca59Cu41,1
Ca59Mg41,1
Ca6Ag94,0
Ca6Al94,0
Ca6Cu94,0
Ca6Mg94,0
Ca60Ag40,1
Ca60Al40,1
Ca60Cu40,1
Ca60Mg40,1
Ca61Ag39,1
Ca61Al39,1
Ca61Cu39,1
Ca61Mg39,1
Ca62Ag38,1
Ca62Al38,1
Ca62Cu38,1
Ca62Mg38,1
Ca63Ag37,1
Ca63Al37,1
Ca63Cu37,1
Ca63Mg37,1
Ca64Ag36,1
Ca64Al36,1
Ca64Cu36,1
Ca64Mg36,1
Ca65Ag35,1
Ca65Al35,1
Ca65Cu35,1
Ca65Mg35,1
Ca66Ag34,1
Ca66Al34,1
Ca66Cu34,1
Ca66Mg34,1
Ca67Ag33,1
Ca67Al33,1
Ca67Cu33,1
Ca67Mg33,1
Ca68Ag32,1
Ca68Al32,1
Ca68Cu32,1
Ca68Mg32,1
Ca69Ag31,1
Ca69Al31,1
Ca69Cu31,1
Ca69Mg31,1
Ca7Ag93,0
Ca7Al93,0
Ca7Cu93,0
Ca7Mg93,0
Ca70Ag30,1
Ca70Al30,1
Ca70Cu30,1
Ca70Mg30,1
Ca71Ag29,1
Ca71Al29,1
Ca71Cu29,1
Ca71Mg29,1
Ca72Ag28,1
Ca72Al28,1
Ca72Cu28,1
Ca72Mg28,1
Ca73Ag27,1
Ca73Al27,1
Ca73Cu27,1
Ca73Mg27,1
Ca74Ag26,1
Ca74Al26,1
Ca74Cu26,1
Ca74Mg26,1
Ca75Ag25,1
Ca75Al25,1
Ca75Cu25,1
Ca75Mg25,1
Ca76Ag24,1
Ca76Al24,1
Ca76Cu24,1
Ca76Mg24,1
Ca77Ag23,1
Ca77Al23,1
Ca77Cu23,1
Ca77Mg23,1
Ca78Ag22,1
Ca78Al22,1
Ca78Cu22,1
Ca78Mg22,0
Ca79Ag21,1
Ca79Al21,1
Ca79Cu21,1
Ca79Mg21,0
Ca8Ag92,0
Ca8Al92,0
Ca8Cu92,0
Ca8Mg92,0
Ca80Ag20,1
Ca80Al20,1
Ca80Cu20,1
Ca80Mg20,0
Ca81Ag19,1
Ca81Al19,1
Ca81Cu19,1
Ca81Mg19,0
Ca82Ag18,1
Ca82Al18,1
Ca82Cu18,1
Ca82Mg18,0
Ca83Ag17,1
Ca83Al17,1
Ca83Cu17,1
Ca83Mg17,0
Ca84Ag16,1
Ca84Al16,1
Ca84Cu16,1
Ca84Mg16,0
Ca85Ag15,1
Ca85Al15,1
Ca85Cu15,1
Ca85Mg15,0
Ca86Ag14,1
Ca86Al14,0
Ca86Cu14,1
Ca86Mg14,0
Ca87Ag13,1
Ca87Al13,0
Ca87Cu13,1
Ca87Mg13,0
Ca88Ag12,0
Ca88Al12,0
Ca88Cu12,0
Ca88Mg12,0
Ca89Ag11,0
Ca89Al11,0
Ca89Cu11,0
Ca89Mg11,0
Ca9Ag91,0
Ca9Al91,1
Ca9Cu91,0
Ca9Mg91,0
Ca90Ag10,0
Ca90Al10,0
Ca90Cu10,0
Ca90Mg10,0
Ca91Ag9,0
Ca91Al9,0
Ca91Cu9,0
Ca91Mg9,0
Ca92Ag8,0
Ca92Al8,0
Ca92Cu8,0
Ca92Mg8,0
Ca93Ag7,0
Ca93Al7,0
Ca93Cu7,0
Ca93Mg7,0
Ca94Ag6,0
Ca94Al6,0
Ca94Cu6,0
Ca94Mg6,0
Ca95Ag5,0
Ca95Al5,0
Ca95Cu5,0
Ca95Mg5,0
Ca96Ag4,0
Ca96Al4,0
Ca96Cu4,0
Ca96Mg4,0
Ca97Ag3,0
Ca97Al3,0
Ca97Cu3,0
Ca97Mg3,0
Ca98Ag2,0
Ca98Al2,0
Ca98Cu2,0
Ca98Mg2,0
Ca99Ag1,0
Ca99Al1,0
Ca99Cu1,0
Ca99Mg1,0
Ce1Al99,0
Ce10Al90,1
Ce100,0
Ce11Al89,1
Ce12Al88,1
Ce13Al87,0
Ce14Al86,0
Ce15Al85,0
Ce16Al84,0
Ce17Al83,0
Ce18Al82,0
Ce19Al81,0
Ce2Al98,0
Ce20Al80,0
Ce21Al79,0
Ce22Al78,0
Ce23Al77,0
Ce24Al76,0
Ce25Al75,0
Ce26Al74,0
Ce27Al73,0
Ce28Al72,0
Ce29Al71,0
Ce3Al97,0
Ce30Al70,0
Ce31Al69,0
Ce32Al68,0
Ce33Al67,0
Ce34Al66,0
Ce35Al65,0
Ce36Al64,0
Ce37Al63,0
Ce38Al62,0
Ce39Al61,0
Ce4Al96,0
Ce40Al60,0
Ce41Al59,0
Ce42Al58,0
Ce43Al57,0
Ce44Al56,0
Ce45Al55,0
Ce46Al54,0
Ce47Al53,0
Ce48Al52,0
Ce49Al51,0
Ce5Al95,0
Ce50Al50,0
Ce51Al49,0
Ce52Al48,0
Ce53Al47,0
Ce54Al46,0
Ce55Al45,0
Ce56Al44,0
Ce57Al43,0
Ce58Al42,0
Ce59Al41,0
Ce6Al94,0
Ce60Al40,0
Ce61Al39,0
Ce62Al38,0
Ce63Al37,0
Ce64Al36,0
Ce65Al35,0
Ce66Al34,0
Ce67Al33,0
Ce68Al32,0
Ce69Al31,0
Ce7Al93,1
Ce70Al30,0
Ce71Al29,0
Ce72Al28,0
Ce73Al27,0
Ce74Al26,0
Ce75Al25,0
Ce76Al24,0
Ce77Al23,0
Ce78Al22,0
Ce79Al21,0
Ce8Al92,1
Ce80Al20,0
Ce81Al19,0
Ce82Al18,0
Ce83Al17,0
Ce84Al16,0
Ce85Al15,0
Ce86Al14,0
Ce87Al13,0
Ce88Al12,0
Ce89Al11,0
Ce9Al91,1
Ce90Al10,0
Ce91Al9,0
Ce92Al8,0
Ce93Al7,0
Ce94Al6,0
Ce95Al5,0
Ce96Al4,0
Ce97Al3,0
Ce98Al2,0
Ce99Al1,0
Co100,0
Cr1Co99,0
Cr1Fe99,0
Cr1Mo99,0
Cr1Ni99,0
Cr10Co90,0
Cr10Fe90,0
Cr10Mo90,0
Cr10Ni90,0
Cr100,0
Cr11Co89,0
Cr11Fe89,0
Cr11Mo89,0
Cr11Ni89,0
Cr12Co88,0
Cr12Fe88,0
Cr12Mo88,0
Cr12Ni88,0
Cr13Co87,0
Cr13Fe87,0
Cr13Mo87,0
Cr13Ni87,0
Cr14Co86,0
Cr14Fe86,0
Cr14Mo86,0
Cr14Ni86,0
Cr15Co85,0
Cr15Fe85,0
Cr15Mo85,0
Cr15Ni85,0
Cr16Co84,0
Cr16Fe84,0
Cr16Mo84,0
Cr16Ni84,0
Cr17Co83,0
Cr17Fe83,0
Cr17Mo83,0
Cr17Ni83,0
Cr18Co82,0
Cr18Fe82,0
Cr18Mo82,0
Cr18Ni82,0
Cr19Co81,0
Cr19Fe81,0
Cr19Mo81,0
Cr19Ni81,0
Cr2Co98,0
Cr2Fe98,0
Cr2Mo98,0
Cr2Ni98,0
Cr20Co80,0
Cr20Fe80,0
Cr20Mo80,0
Cr20Ni80,0
Cr21Co79,0
Cr21Fe79,0
Cr21Mo79,0
Cr21Ni79,0
Cr22Co78,0
Cr22Fe78,0
Cr22Mo78,0
Cr22Ni78,0
Cr23Co77,0
Cr23Fe77,0
Cr23Mo77,0
Cr23Ni77,0
Cr24Co76,0
Cr24Fe76,0
Cr24Mo76,0
Cr24Ni76,0
Cr25Co75,0
Cr25Fe75,0
Cr25Mo75,0
Cr25Ni75,0
Cr26Co74,0
Cr26Fe74,0
Cr26Mo74,0
Cr26Ni74,0
Cr27Co73,0
Cr27Fe73,0
Cr27Mo73,0
Cr27Ni73,0
Cr28Co72,0
Cr28Fe72,0
Cr28Mo72,0
Cr28Ni72,0
Cr29Co71,0
Cr29Fe71,0
Cr29Mo71,0
Cr29Ni71,0
Cr3Co97,0
Cr3Fe97,0
Cr3Mo97,0
Cr3Ni97,0
Cr30Co70,0
Cr30Fe70,0
Cr30Mo70,0
Cr30Ni70,0
Cr31Co69,0
Cr31Fe69,0
Cr31Mo69,0
Cr31Ni69,0
Cr32Co68,0
Cr32Fe68,0
Cr32Mo68,0
Cr32Ni68,0
Cr33Co67,0
Cr33Fe67,0
Cr33Mo67,0
Cr33Ni67,0
Cr34Co66,0
Cr34Fe66,0
Cr34Mo66,0
Cr34Ni66,0
Cr35Co65,0
Cr35Fe65,0
Cr35Mo65,0
Cr35Ni65,0
Cr36Co64,0
Cr36Fe64,0
Cr36Mo64,0
Cr36Ni64,0
Cr37Co63,0
Cr37Fe63,0
Cr37Mo63,0
Cr37Ni63,0
Cr38Co62,0
Cr38Fe62,0
Cr38Mo62,0
Cr38Ni62,0
Cr39Co61,0
Cr39Fe61,0
Cr39Mo61,0
Cr39Ni61,0
Cr4Co96,0
Cr4Fe96,0
Cr4Mo96,0
Cr4Ni96,0
Cr40Co60,0
Cr40Fe60,0
Cr40Mo60,0
Cr40Ni60,0
Cr41Co59,0
Cr41Fe59,1
Cr41Mo59,0
Cr41Ni59,0
Cr42Co58,0
Cr42Fe58,1
Cr42Mo58,0
Cr42Ni58,0
Cr43Co57,0
Cr43Fe57,1
Cr43Mo57,0
Cr43Ni57,0
Cr44Co56,1
Cr44Fe56,1
Cr44Mo56,0
Cr44Ni56,0
Cr45Co55,1
Cr45Fe55,1
Cr45Mo55,0
Cr45Ni55,0
Cr46Co54,1
Cr46Fe54,1
Cr46Mo54,0
Cr46Ni54,0
Cr47Co53,1
Cr47Fe53,1
Cr47Mo53,0
Cr47Ni53,0
Cr48Co52,1
Cr48Fe52,1
Cr48Mo52,0
Cr48Ni52,0
Cr49Co51,1
Cr49Fe51,1
Cr49Mo51,0
Cr49Ni51,1
Cr5Co95,0
Cr5Fe95,0
Cr5Mo95,0
Cr5Ni95,0
Cr50Co50,1
Cr50Fe50,1
Cr50Mo50,0
Cr50Ni50,1
Cr51Co49,1
Cr51Fe49,1
Cr51Mo49,0
Cr51Ni49,1
Cr52Co48,1
Cr52Fe48,1
Cr52Mo48,0
Cr52Ni48,1
Cr53Co47,1
Cr53Fe47,1
Cr53Mo47,0
Cr53Ni47,1
Cr54Co46,1
Cr54Fe46,1
Cr54Mo46,0
Cr54Ni46,1
Cr55Co45,1
Cr55Fe45,1
Cr55Mo45,0
Cr55Ni45,1
Cr56Co44,1
Cr56Fe44,1
Cr56Mo44,0
Cr56Ni44,1
Cr57Co43,1
Cr57Fe43,1
Cr57Mo43,0
Cr57Ni43,1
Cr58Co42,1
Cr58Fe42,1
Cr58Mo42,0
Cr58Ni42,1
Cr59Co41,1
Cr59Fe41,1
Cr59Mo41,0
Cr59Ni41,1
Cr6Co94,0
Cr6Fe94,0
Cr6Mo94,0
Cr6Ni94,0
Cr60Co40,1
Cr60Fe40,1
Cr60Mo40,0
Cr60Ni40,1
Cr61Co39,1
Cr61Fe39,1
Cr61Mo39,0
Cr61Ni39,1
Cr62Co38,1
Cr62Fe38,1
Cr62Mo38,0
Cr62Ni38,1
Cr63Co37,1
Cr63Fe37,1
Cr63Mo37,0
Cr63Ni37,1
Cr64Co36,1
Cr64Fe36,1
Cr64Mo36,0
Cr64Ni36,1
Cr65Co35,1
Cr65Fe35,1
Cr65Mo35,0
Cr65Ni35,1
Cr66Co34,1
Cr66Fe34,1
Cr66Mo34,0
Cr66Ni34,1
Cr67Co33,1
Cr67Fe33,1
Cr67Mo33,0
Cr67Ni33,1
Cr68Co32,1
Cr68Fe32,1
Cr68Mo32,0
Cr68Ni32,1
Cr69Co31,1
Cr69Fe31,1
Cr69Mo31,0
Cr69Ni31,1
Cr7Co93,0
Cr7Fe93,0
Cr7Mo93,0
Cr7Ni93,0
Cr70Co30,1
Cr70Fe30,1
Cr70Mo30,0
Cr70Ni30,1
Cr71Co29,1
Cr71Fe29,1
Cr71Mo29,0
Cr71Ni29,1
Cr72Co28,1
Cr72Fe28,1
Cr72Mo28,0
Cr72Ni28,1
Cr73Co27,1
Cr73Fe27,1
Cr73Mo27,0
Cr73Ni27,1
Cr74Co26,1
Cr74Fe26,1
Cr74Mo26,0
Cr74Ni26,0
Cr75Co25,1
Cr75Fe25,1
Cr75Mo25,0
Cr75Ni25,0
Cr76Co24,1
Cr76Fe24,1
Cr76Mo24,0
Cr76Ni24,0
Cr77Co23,1
Cr77Fe23,1
Cr77Mo23,1
Cr77Ni23,0
Cr78Co22,1
Cr78Fe22,1
Cr78Mo22,1
Cr78Ni22,0
Cr79Co21,1
Cr79Fe21,1
Cr79Mo21,1
Cr79Ni21,0
Cr8Co92,0
Cr8Fe92,0
Cr8Mo92,0
Cr8Ni92,0
Cr80Co20,1
Cr80Fe20,1
Cr80Mo20,1
Cr80Ni20,0
Cr81Co19,1
Cr81Fe19,1
Cr81Mo19,1
Cr81Ni19,0
Cr82Co18,1
Cr82Fe18,1
Cr82Mo18,1
Cr82Ni18,0
Cr83Co17,1
Cr83Fe17,1
Cr83Mo17,1
Cr83Ni17,0
Cr84Co16,1
Cr84Fe16,1
Cr84Mo16,1
Cr84Ni16,0
Cr85Co15,1
Cr85Fe15,1
Cr85Mo15,1
Cr85Ni15,0
Cr86Co14,0
Cr86Fe14,1
Cr86Mo14,1
Cr86Ni14,0
Cr87Co13,0
Cr87Fe13,1
Cr87Mo13,1
Cr87Ni13,0
Cr88Co12,0
Cr88Fe12,1
Cr88Mo12,1
Cr88Ni12,0
Cr89Co11,0
Cr89Fe11,1
Cr89Mo11,1
Cr89Ni11,0
Cr9Co91,0
Cr9Fe91,0
Cr9Mo91,0
Cr9Ni91,0
Cr90Co10,0
Cr90Fe10,1
Cr90Mo10,1
Cr90Ni10,0
Cr91Co9,0
Cr91Fe9,1
Cr91Mo9,1
Cr91Ni9,0
Cr92Co8,0
Cr92Fe8,0
Cr92Mo8,1
Cr92Ni8,0
Cr93Co7,0
Cr93Fe7,0
Cr93Mo7,1
Cr93Ni7,0
Cr94Co6,0
Cr94Fe6,0
Cr94Mo6,0
Cr94Ni6,0
Cr95Co5,0
Cr95Fe5,0
Cr95Mo5,0
Cr95Ni5,0
Cr96Co4,0
Cr96Fe4,0
Cr96Mo4,0
Cr96Ni4,0
Cr97Co3,0
Cr97Fe3,0
Cr97Mo3,0
Cr97Ni3,0
Cr98Co2,0
Cr98Fe2,0
Cr98Mo2,0
Cr98Ni2,0
Cr99Co1,0
Cr99Fe1,0
Cr99Mo1,0
Cr99Ni1,0
Cu100,0
Dy1Al99,0
Dy10Al90,1
Dy100,0
Dy11Al89,1
Dy12Al88,1
Dy13Al87,0
Dy14Al86,0
Dy15Al85,0
Dy16Al84,0
Dy17Al83,0
Dy18Al82,0
Dy19Al81,0
Dy2Al98,0
Dy20Al80,0
Dy21Al79,0
Dy22Al78,0
Dy23Al77,0
Dy24Al76,0
Dy25Al75,0
Dy26Al74,0
Dy27Al73,0
Dy28Al72,0
Dy29Al71,0
Dy3Al97,0
Dy30Al70,0
Dy31Al69,0
Dy32Al68,0
Dy33Al67,0
Dy34Al66,0
Dy35Al65,0
Dy36Al64,0
Dy37Al63,0
Dy38Al62,0
Dy39Al61,0
Dy4Al96,0
Dy40Al60,0
Dy41Al59,0
Dy42Al58,0
Dy43Al57,0
Dy44Al56,0
Dy45Al55,0
Dy46Al54,0
Dy47Al53,0
Dy48Al52,0
Dy49Al51,0
Dy5Al95,0
Dy50Al50,0
Dy51Al49,0
Dy52Al48,0
Dy53Al47,0
Dy54Al46,0
Dy55Al45,0
Dy56Al44,0
Dy57Al43,0
Dy58Al42,0
Dy59Al41,0
Dy6Al94,0
Dy60Al40,0
Dy61Al39,0
Dy62Al38,0
Dy63Al37,0
Dy64Al36,0
Dy65Al35,0
Dy66Al34,0
Dy67Al33,0
Dy68Al32,0
Dy69Al31,0
Dy7Al93,0
Dy70Al30,0
Dy71Al29,0
Dy72Al28,0
Dy73Al27,0
Dy74Al26,0
Dy75Al25,0
Dy76Al24,0
Dy77Al23,0
Dy78Al22,0
Dy79Al21,0
Dy8Al92,0
Dy80Al20,0
Dy81Al19,0
Dy82Al18,0
Dy83Al17,0
Dy84Al16,0
Dy85Al15,0
Dy86Al14,0
Dy87Al13,0
Dy88Al12,0
Dy89Al11,0
Dy9Al91,1
Dy90Al10,0
Dy91Al9,0
Dy92Al8,0
Dy93Al7,0
Dy94Al6,0
Dy95Al5,0
Dy96Al4,0
Dy97Al3,0
Dy98Al2,0
Dy99Al1,0
Er1Al99,0
Er10Al90,1
Er100,0
Er11Al89,1
Er12Al88,1
Er13Al87,0
Er14Al86,0
Er15Al85,0
Er16Al84,0
Er17Al83,0
Er18Al82,0
Er19Al81,0
Er2Al98,0
Er20Al80,0
Er21Al79,0
Er22Al78,0
Er23Al77,0
Er24Al76,0
Er25Al75,0
Er26Al74,0
Er27Al73,0
Er28Al72,0
Er29Al71,0
Er3Al97,0
Er30Al70,0
Er31Al69,0
Er32Al68,0
Er33Al67,0
Er34Al66,0
Er35Al65,0
Er36Al64,0
Er37Al63,0
Er38Al62,0
Er39Al61,0
Er4Al96,0
Er40Al60,0
Er41Al59,0
Er42Al58,0
Er43Al57,0
Er44Al56,0
Er45Al55,0
Er46Al54,0
Er47Al53,0
Er48Al52,0
Er49Al51,0
Er5Al95,0
Er50Al50,0
Er51Al49,0
Er52Al48,0
Er53Al47,0
Er54Al46,0
Er55Al45,0
Er56Al44,0
Er57Al43,0
Er58Al42,0
Er59Al41,0
Er6Al94,0
Er60Al40,0
Er61Al39,0
Er62Al38,0
Er63Al37,0
Er64Al36,0
Er65Al35,0
Er66Al34,0
Er67Al33,0
Er68Al32,0
Er69Al31,0
Er7Al93,0
Er70Al30,0
Er71Al29,0
Er72Al28,0
Er73Al27,0
Er74Al26,0
Er75Al25,0
Er76Al24,0
Er77Al23,0
Er78Al22,0
Er79Al21,0
Er8Al92,0
Er80Al20,0
Er81Al19,0
Er82Al18,0
Er83Al17,0
Er84Al16,0
Er85Al15,0
Er86Al14,0
Er87Al13,0
Er88Al12,0
Er89Al11,0
Er9Al91,1
Er90Al10,0
Er91Al9,0
Er92Al8,0
Er93Al7,0
Er94Al6,0
Er95Al5,0
Er96Al4,0
Er97Al3,0
Er98Al2,0
Er99Al1,0
Fe1B99,0
Fe10B90,0
Fe100,0
Fe11B89,0
Fe12B88,0
Fe13B87,0
Fe14B86,0
Fe15B85,0
Fe16B84,0
Fe17B83,0
Fe18B82,0
Fe19B81,0
Fe2B98,0
Fe20B80,0
Fe21B79,0
Fe22B78,0
Fe23B77,0
Fe24B76,0
Fe25B75,0
Fe26B74,0
Fe27B73,0
Fe28B72,0
Fe29B71,0
Fe3B97,0
Fe30B70,0
Fe31B69,0
Fe32B68,0
Fe33B67,0
Fe34B66,0
Fe35B65,0
Fe36B64,0
Fe37B63,0
Fe38B62,0
Fe39B61,0
Fe4B96,0
Fe40B60,0
Fe41B59,0
Fe42B58,0
Fe43B57,0
Fe44B56,0
Fe45B55,0
Fe46B54,0
Fe47B53,0
Fe48B52,0
Fe49B51,0
Fe5B95,0
Fe50B50,0
Fe51B49,0
Fe52B48,0
Fe53B47,0
Fe54B46,0
Fe55B45,0
Fe56B44,0
Fe57B43,0
Fe58B42,0
Fe59B41,0
Fe6B94,0
Fe60B40,0
Fe61B39,0
Fe62B38,0
Fe63B37,0
Fe64B36,0
Fe65B35,0
Fe66B34,0
Fe67B33,0
Fe68B32,0
Fe69B31,0
Fe7B93,0
Fe70B30,0
Fe71B29,0
Fe72B28,0
Fe73B27,1
Fe74B26,1
Fe75B25,1
Fe76B24,1
Fe77B23,1
Fe78B22,1
Fe79B21,1
Fe8B92,0
Fe80B20,1
Fe81B19,1
Fe82B18,1
Fe83B17,1
Fe84B16,1
Fe85B15,1
Fe86B14,1
Fe87B13,1
Fe88B12,0
Fe89B11,0
Fe9B91,0
Fe90B10,0
Fe91B9,0
Fe92B8,0
Fe93B7,0
Fe94B6,0
Fe95B5,0
Fe96B4,0
Fe97B3,0
Fe98B2,0
Fe99B1,0
Gd1Al99,0
Gd1Co99,0
Gd10Al90,1
Gd10Co90,0
Gd100,0
Gd11Al89,1
Gd11Co89,0
Gd12Al88,1
Gd12Co88,0
Gd13Al87,0
Gd13Co87,0
Gd14Al86,0
Gd14Co86,0
Gd15Al85,0
Gd15Co85,0
Gd16Al84,0
Gd16Co84,0
Gd17Al83,0
Gd17Co83,0
Gd18Al82,0
Gd18Co82,0
Gd19Al81,0
Gd19Co81,0
Gd2Al98,0
Gd2Co98,0
Gd20Al80,0
Gd20Co80,0
Gd21Al79,0
Gd21Co79,0
Gd22Al78,0
Gd22Co78,0
Gd23Al77,0
Gd23Co77,0
Gd24Al76,0
Gd24Co76,0
Gd25Al75,0
Gd25Co75,0
Gd26Al74,0
Gd26Co74,0
Gd27Al73,0
Gd27Co73,0
Gd28Al72,0
Gd28Co72,0
Gd29Al71,0
Gd29Co71,0
Gd3Al97,0
Gd3Co97,0
Gd30Al70,0
Gd30Co70,0
Gd31Al69,0
Gd31Co69,0
Gd32Al68,0
Gd32Co68,0
Gd33Al67,0
Gd33Co67,0
Gd34Al66,0
Gd34Co66,0
Gd35Al65,0
Gd35Co65,0
Gd36Al64,0
Gd36Co64,0
Gd37Al63,0
Gd37Co63,0
Gd38Al62,0
Gd38Co62,0
Gd39Al61,0
Gd39Co61,0
Gd4Al96,0
Gd4Co96,0
Gd40Al60,0
Gd40Co60,0
Gd41Al59,0
Gd41Co59,0
Gd42Al58,0
Gd42Co58,0
Gd43Al57,0
Gd43Co57,0
Gd44Al56,0
Gd44Co56,0
Gd45Al55,0
Gd45Co55,0
Gd46Al54,0
Gd46Co54,0
Gd47Al53,0
Gd47Co53,0
Gd48Al52,0
Gd48Co52,0
Gd49Al51,0
Gd49Co51,0
Gd5Al95,0
Gd5Co95,0
Gd50Al50,0
Gd50Co50,0
Gd51Al49,0
Gd51Co49,0
Gd52Al48,0
Gd52Co48,0
Gd53Al47,0
Gd53Co47,0
Gd54Al46,0
Gd54Co46,0
Gd55Al45,0
Gd55Co45,0
Gd56Al44,0
Gd56Co44,0
Gd57Al43,0
Gd57Co43,0
Gd58Al42,0
Gd58Co42,0
Gd59Al41,0
Gd59Co41,0
Gd6Al94,0
Gd6Co94,0
Gd60Al40,0
Gd60Co40,0
Gd61Al39,0
Gd61Co39,0
Gd62Al38,0
Gd62Co38,1
Gd63Al37,0
Gd63Co37,1
Gd64Al36,0
Gd64Co36,1
Gd65Al35,0
Gd65Co35,1
Gd66Al34,0
Gd66Co34,1
Gd67Al33,0
Gd67Co33,1
Gd68Al32,0
Gd68Co32,1
Gd69Al31,0
Gd69Co31,1
Gd7Al93,0
Gd7Co93,0
Gd70Al30,0
Gd70Co30,1
Gd71Al29,0
Gd71Co29,1
Gd72Al28,0
Gd72Co28,0
Gd73Al27,0
Gd73Co27,0
Gd74Al26,0
Gd74Co26,0
Gd75Al25,0
Gd75Co25,0
Gd76Al24,0
Gd76Co24,0
Gd77Al23,0
Gd77Co23,0
Gd78Al22,0
Gd78Co22,0
Gd79Al21,0
Gd79Co21,0
Gd8Al92,1
Gd8Co92,0
Gd80Al20,0
Gd80Co20,0
Gd81Al19,0
Gd81Co19,0
Gd82Al18,0
Gd82Co18,0
Gd83Al17,0
Gd83Co17,0
Gd84Al16,0
Gd84Co16,0
Gd85Al15,0
Gd85Co15,0
Gd86Al14,0
Gd86Co14,0
Gd87Al13,0
Gd87Co13,0
Gd88Al12,0
Gd88Co12,0
Gd89Al11,0
Gd89Co11,0
Gd9Al91,1
Gd9Co91,0
Gd90Al10,0
Gd90Co10,0
Gd91Al9,0
Gd91Co9,0
Gd92Al8,0
Gd92Co8,0
Gd93Al7,0
Gd93Co7,0
Gd94Al6,0
Gd94Co6,0
Gd95Al5,0
Gd95Co5,0
Gd96Al4,0
Gd96Co4,0
Gd97Al3,0
Gd97Co3,0
Gd98Al2,0
Gd98Co2,0
Gd99Al1,0
Gd99Co1,0
Ge1Te99,0
Ge10Te90,1
Ge100,0
Ge11Te89,1
Ge12Te88,1
Ge13Te87,1
Ge14Te86,1
Ge15Te85,1
Ge16Te84,1
Ge17Te83,1
Ge18Te82,1
Ge19Te81,1
Ge2Te98,0
Ge20Te80,1
Ge21Te79,1
Ge22Te78,1
Ge23Te77,1
Ge24Te76,1
Ge25Te75,1
Ge26Te74,0
Ge27Te73,0
Ge28Te72,0
Ge29Te71,0
Ge3Te97,0
Ge30Te70,0
Ge31Te69,0
Ge32Te68,0
Ge33Te67,0
Ge34Te66,0
Ge35Te65,0
Ge36Te64,0
Ge37Te63,0
Ge38Te62,0
Ge39Te61,0
Ge4Te96,0
Ge40Te60,0
Ge41Te59,0
Ge42Te58,0
Ge43Te57,0
Ge44Te56,0
Ge45Te55,0
Ge46Te54,0
Ge47Te53,0
Ge48Te52,0
Ge49Te51,0
Ge5Te95,0
Ge50Te50,0
Ge51Te49,0
Ge52Te48,0
Ge53Te47,0
Ge54Te46,0
Ge55Te45,0
Ge56Te44,0
Ge57Te43,0
Ge58Te42,0
Ge59Te41,0
Ge6Te94,0
Ge60Te40,0
Ge61Te39,0
Ge62Te38,0
Ge63Te37,0
Ge64Te36,0
Ge65Te35,0
Ge66Te34,0
Ge67Te33,0
Ge68Te32,0
Ge69Te31,0
Ge7Te93,0
Ge70Te30,0
Ge71Te29,0
Ge72Te28,0
Ge73Te27,0
Ge74Te26,0
Ge75Te25,0
Ge76Te24,0
Ge77Te23,0
Ge78Te22,0
Ge79Te21,0
Ge8Te92,0
Ge80Te20,0
Ge81Te19,0
Ge82Te18,0
Ge83Te17,0
Ge84Te16,0
Ge85Te15,0
Ge86Te14,0
Ge87Te13,0
Ge88Te12,0
Ge89Te11,0
Ge9Te91,0
Ge90Te10,0
Ge91Te9,0
Ge92Te8,0
Ge93Te7,0
Ge94Te6,0
Ge95Te5,0
Ge96Te4,0
Ge97Te3,0
Ge98Te2,0
Ge99Te1,0
Hf1Cu99,0
Hf1Fe99,0
Hf1Ni99,0
Hf10Cu90,0
Hf10Fe90,1
Hf10Ni90,0
Hf100,0
Hf11Cu89,0
Hf11Fe89,0
Hf11Ni89,0
Hf12Cu88,0
Hf12Fe88,0
Hf12Ni88,0
Hf13Cu87,0
Hf13Fe87,0
Hf13Ni87,0
Hf14Cu86,0
Hf14Fe86,0
Hf14Ni86,0
Hf15Cu85,0
Hf15Fe85,0
Hf15Ni85,0
Hf16Cu84,0
Hf16Fe84,0
Hf16Ni84,0
Hf17Cu83,0
Hf17Fe83,0
Hf17Ni83,0
Hf18Cu82,0
Hf18Fe82,0
Hf18Ni82,0
Hf19Cu81,0
Hf19Fe81,0
Hf19Ni81,0
Hf2Cu98,0
Hf2Fe98,0
Hf2Ni98,0
Hf20Cu80,0
Hf20Fe80,0
Hf20Ni80,0
Hf21Cu79,0
Hf21Fe79,0
Hf21Ni79,0
Hf22Cu78,0
Hf22Fe78,0
Hf22Ni78,0
Hf23Cu77,0
Hf23Fe77,0
Hf23Ni77,0
Hf24Cu76,0
Hf24Fe76,0
Hf24Ni76,0
Hf25Cu75,0
Hf25Fe75,0
Hf25Ni75,0
Hf26Cu74,0
Hf26Fe74,0
Hf26Ni74,0
Hf27Cu73,0
Hf27Fe73,0
Hf27Ni73,0
Hf28Cu72,0
Hf28Fe72,0
Hf28Ni72,0
Hf29Cu71,0
Hf29Fe71,0
Hf29Ni71,0
Hf3Cu97,0
Hf3Fe97,0
Hf3Ni97,0
Hf30Cu70,1
Hf30Fe70,0
Hf30Ni70,1
Hf31Cu69,1
Hf31Fe69,0
Hf31Ni69,1
Hf32Cu68,1
Hf32Fe68,0
Hf32Ni68,1
Hf33Cu67,1
Hf33Fe67,0
Hf33Ni67,1
Hf34Cu66,1
Hf34Fe66,0
Hf34Ni66,1
Hf35Cu65,1
Hf35Fe65,0
Hf35Ni65,1
Hf36Cu64,1
Hf36Fe64,0
Hf36Ni64,1
Hf37Cu63,1
Hf37Fe63,0
Hf37Ni63,1
Hf38Cu62,1
Hf38Fe62,0
Hf38Ni62,1
Hf39Cu61,1
Hf39Fe61,0
Hf39Ni61,1
Hf4Cu96,0
Hf4Fe96,0
Hf4Ni96,0
Hf40Cu60,1
Hf40Fe60,0
Hf40Ni60,1
Hf41Cu59,1
Hf41Fe59,0
Hf41Ni59,1
Hf42Cu58,1
Hf42Fe58,0
Hf42Ni58,1
Hf43Cu57,1
Hf43Fe57,0
Hf43Ni57,1
Hf44Cu56,1
Hf44Fe56,0
Hf44Ni56,1
Hf45Cu55,1
Hf45Fe55,0
Hf45Ni55,1
Hf46Cu54,1
Hf46Fe54,0
Hf46Ni54,1
Hf47Cu53,1
Hf47Fe53,0
Hf47Ni53,1
Hf48Cu52,1
Hf48Fe52,0
Hf48Ni52,1
Hf49Cu51,1
Hf49Fe51,0
Hf49Ni51,1
Hf5Cu95,0
Hf5Fe95,0
Hf5Ni95,0
Hf50Cu50,1
Hf50Fe50,0
Hf50Ni50,1
Hf51Cu49,1
Hf51Fe49,0
Hf51Ni49,1
Hf52Cu48,1
Hf52Fe48,0
Hf52Ni48,1
Hf53Cu47,1
Hf53Fe47,0
Hf53Ni47,1
Hf54Cu46,1
Hf54Fe46,0
Hf54Ni46,1
Hf55Cu45,1
Hf55Fe45,0
Hf55Ni45,1
Hf56Cu44,1
Hf56Fe44,0
Hf56Ni44,1
Hf57Cu43,1
Hf57Fe43,0
Hf57Ni43,1
Hf58Cu42,1
Hf58Fe42,0
Hf58Ni42,1
Hf59Cu41,1
Hf59Fe41,0
Hf59Ni41,1
Hf6Cu94,0
Hf6Fe94,0
Hf6Ni94,0
Hf60Cu40,1
Hf60Fe40,0
Hf60Ni40,1
Hf61Cu39,1
Hf61Fe39,0
Hf61Ni39,1
Hf62Cu38,1
Hf62Fe38,0
Hf62Ni38,1
Hf63Cu37,1
Hf63Fe37,0
Hf63Ni37,1
Hf64Cu36,1
Hf64Fe36,0
Hf64Ni36,1
Hf65Cu35,1
Hf65Fe35,0
Hf65Ni35,1
Hf66Cu34,1
Hf66Fe34,0
Hf66Ni34,1
Hf67Cu33,1
Hf67Fe33,0
Hf67Ni33,1
Hf68Cu32,1
Hf68Fe32,0
Hf68Ni32,1
Hf69Cu31,1
Hf69Fe31,0
Hf69Ni31,1
Hf7Cu93,0
Hf7Fe93,0
Hf7Ni93,0
Hf70Cu30,1
Hf70Fe30,0
Hf70Ni30,1
Hf71Cu29,0
Hf71Fe29,0
Hf71Ni29,0
Hf72Cu28,0
Hf72Fe28,0
Hf72Ni28,0
Hf73Cu27,0
Hf73Fe27,0
Hf73Ni27,0
Hf74Cu26,0
Hf74Fe26,0
Hf74Ni26,0
Hf75Cu25,0
Hf75Fe25,0
Hf75Ni25,0
Hf76Cu24,0
Hf76Fe24,0
Hf76Ni24,0
Hf77Cu23,0
Hf77Fe23,0
Hf77Ni23,0
Hf78Cu22,0
Hf78Fe22,0
Hf78Ni22,0
Hf79Cu21,0
Hf79Fe21,0
Hf79Ni21,0
Hf8Cu92,0
Hf8Fe92,0
Hf8Ni92,0
Hf80Cu20,0
Hf80Fe20,0
Hf80Ni20,0
Hf81Cu19,0
Hf81Fe19,0
Hf81Ni19,0
Hf82Cu18,0
Hf82Fe18,0
Hf82Ni18,0
Hf83Cu17,0
Hf83Fe17,0
Hf83Ni17,0
Hf84Cu16,0
Hf84Fe16,0
Hf84Ni16,0
Hf85Cu15,0
Hf85Fe15,0
Hf85Ni15,0
Hf86Cu14,0
Hf86Fe14,0
Hf86Ni14,0
Hf87Cu13,0
Hf87Fe13,0
Hf87Ni13,0
Hf88Cu12,0
Hf88Fe12,0
Hf88Ni12,0
Hf89Cu11,0
Hf89Fe11,0
Hf89Ni11,0
Hf9Cu91,0
Hf9Fe91,1
Hf9Ni91,0
Hf90Cu10,0
Hf90Fe10,0
Hf90Ni10,0
Hf91Cu9,0
Hf91Fe9,0
Hf91Ni9,0
Hf92Cu8,0
Hf92Fe8,0
Hf92Ni8,0
Hf93Cu7,0
Hf93Fe7,0
Hf93Ni7,0
Hf94Cu6,0
Hf94Fe6,0
Hf94Ni6,0
Hf95Cu5,0
Hf95Fe5,0
Hf95Ni5,0
Hf96Cu4,0
Hf96Fe4,0
Hf96Ni4,0
Hf97Cu3,0
Hf97Fe3,0
Hf97Ni3,0
Hf98Cu2,0
Hf98Fe2,0
Hf98Ni2,0
Hf99Cu1,0
Hf99Fe1,0
Hf99Ni1,0
Ho1Al99,0
Ho10Al90,1
Ho100,0
Ho11Al89,1
Ho12Al88,1
Ho13Al87,0
Ho14Al86,0
Ho15Al85,0
Ho16Al84,0
Ho17Al83,0
Ho18Al82,0
Ho19Al81,0
Ho2Al98,0
Ho20Al80,0
Ho21Al79,0
Ho22Al78,0
Ho23Al77,0
Ho24Al76,0
Ho25Al75,0
Ho26Al74,0
Ho27Al73,0
Ho28Al72,0
Ho29Al71,0
Ho3Al97,0
Ho30Al70,0
Ho31Al69,0
Ho32Al68,0
Ho33Al67,0
Ho34Al66,0
Ho35Al65,0
Ho36Al64,0
Ho37Al63,0
Ho38Al62,0
Ho39Al61,0
Ho4Al96,0
Ho40Al60,0
Ho41Al59,0
Ho42Al58,0
Ho43Al57,0
Ho44Al56,0
Ho45Al55,0
Ho46Al54,0
Ho47Al53,0
Ho48Al52,0
Ho49Al51,0
Ho5Al95,0
Ho50Al50,0
Ho51Al49,0
Ho52Al48,0
Ho53Al47,0
Ho54Al46,0
Ho55Al45,0
Ho56Al44,0
Ho57Al43,0
Ho58Al42,0
Ho59Al41,0
Ho6Al94,0
Ho60Al40,0
Ho61Al39,0
Ho62Al38,0
Ho63Al37,0
Ho64Al36,0
Ho65Al35,0
Ho66Al34,0
Ho67Al33,0
Ho68Al32,0
Ho69Al31,0
Ho7Al93,0
Ho70Al30,0
Ho71Al29,0
Ho72Al28,0
Ho73Al27,0
Ho74Al26,0
Ho75Al25,0
Ho76Al24,0
Ho77Al23,0
Ho78Al22,0
Ho79Al21,0
Ho8Al92,0
Ho80Al20,0
Ho81Al19,0
Ho82Al18,0
Ho83Al17,0
Ho84Al16,0
Ho85Al15,0
Ho86Al14,0
Ho87Al13,0
Ho88Al12,0
Ho89Al11,0
Ho9Al91,1
Ho90Al10,0
Ho91Al9,0
Ho92Al8,0
Ho93Al7,0
Ho94Al6,0
Ho95Al5,0
Ho96Al4,0
Ho97Al3,0
Ho98Al2,0
Ho99Al1,0
La1Al99,0
La1Au99,0
La1Ni99,0
La10Al90,1
La10Au90,0
La10Ni90,0
La100,0
La11Al89,1
La11Au89,0
La11Ni89,0
La12Al88,1
La12Au88,0
La12Ni88,0
La13Al87,1
La13Au87,0
La13Ni87,0
La14Al86,1
La14Au86,0
La14Ni86,0
La15Al85,0
La15Au85,0
La15Ni85,0
La16Al84,0
La16Au84,0
La16Ni84,0
La17Al83,0
La17Au83,0
La17Ni83,0
La18Al82,0
La18Au82,0
La18Ni82,0
La19Al81,0
La19Au81,0
La19Ni81,0
La2Al98,0
La2Au98,0
La2Ni98,0
La20Al80,0
La20Au80,0
La20Ni80,0
La21Al79,0
La21Au79,0
La21Ni79,0
La22Al78,0
La22Au78,0
La22Ni78,0
La23Al77,0
La23Au77,0
La23Ni77,0
La24Al76,0
La24Au76,0
La24Ni76,0
La25Al75,0
La25Au75,0
La25Ni75,0
La26Al74,0
La26Au74,0
La26Ni74,0
La27Al73,0
La27Au73,0
La27Ni73,0
La28Al72,0
La28Au72,0
La28Ni72,0
La29Al71,0
La29Au71,0
La29Ni71,0
La3Al97,0
La3Au97,0
La3Ni97,0
La30Al70,0
La30Au70,0
La30Ni70,0
La31Al69,0
La31Au69,0
La31Ni69,0
La32Al68,0
La32Au68,0
La32Ni68,0
La33Al67,0
La33Au67,0
La33Ni67,0
La34Al66,0
La34Au66,0
La34Ni66,0
La35Al65,0
La35Au65,0
La35Ni65,0
La36Al64,0
La36Au64,0
La36Ni64,0
La37Al63,0
La37Au63,0
La37Ni63,0
La38Al62,0
La38Au62,0
La38Ni62,0
La39Al61,0
La39Au61,0
La39Ni61,0
La4Al96,0
La4Au96,0
La4Ni96,0
La40Al60,0
La40Au60,0
La40Ni60,0
La41Al59,0
La41Au59,0
La41Ni59,0
La42Al58,0
La42Au58,0
La42Ni58,0
La43Al57,0
La43Au57,0
La43Ni57,0
La44Al56,0
La44Au56,0
La44Ni56,0
La45Al55,1
La45Au55,0
La45Ni55,0
La46Al54,1
La46Au54,0
La46Ni54,0
La47Al53,1
La47Au53,0
La47Ni53,0
La48Al52,1
La48Au52,0
La48Ni52,0
La49Al51,1
La49Au51,0
La49Ni51,0
La5Al95,0
La5Au95,0
La5Ni95,0
La50Al50,1
La50Au50,0
La50Ni50,0
La51Al49,1
La51Au49,0
La51Ni49,0
La52Al48,1
La52Au48,0
La52Ni48,0
La53Al47,1
La53Au47,0
La53Ni47,0
La54Al46,1
La54Au46,0
La54Ni46,0
La55Al45,1
La55Au45,0
La55Ni45,0
La56Al44,1
La56Au44,0
La56Ni44,0
La57Al43,1
La57Au43,0
La57Ni43,0
La58Al42,1
La58Au42,0
La58Ni42,0
La59Al41,1
La59Au41,0
La59Ni41,0
La6Al94,0
La6Au94,0
La6Ni94,0
La60Al40,1
La60Au40,0
La60Ni40,1
La61Al39,1
La61Au39,0
La61Ni39,1
La62Al38,1
La62Au38,0
La62Ni38,1
La63Al37,1
La63Au37,0
La63Ni37,1
La64Al36,1
La64Au36,0
La64Ni36,1
La65Al35,1
La65Au35,0
La65Ni35,1
La66Al34,1
La66Au34,0
La66Ni34,1
La67Al33,1
La67Au33,0
La67Ni33,1
La68Al32,1
La68Au32,0
La68Ni32,1
La69Al31,1
La69Au31,0
La69Ni31,1
La7Al93,1
La7Au93,0
La7Ni93,0
La70Al30,1
La70Au30,0
La70Ni30,1
La71Al29,1
La71Au29,0
La71Ni29,0
La72Al28,1
La72Au28,0
La72Ni28,0
La73Al27,1
La73Au27,0
La73Ni27,0
La74Al26,1
La74Au26,1
La74Ni26,0
La75Al25,1
La75Au25,1
La75Ni25,0
La76Al24,1
La76Au24,1
La76Ni24,0
La77Al23,1
La77Au23,1
La77Ni23,0
La78Al22,1
La78Au22,1
La78Ni22,0
La79Al21,1
La79Au21,1
La79Ni21,0
La8Al92,1
La8Au92,0
La8Ni92,0
La80Al20,1
La80Au20,1
La80Ni20,0
La81Al19,1
La81Au19,1
La81Ni19,0
La82Al18,1
La82Au18,1
La82Ni18,0
La83Al17,1
La83Au17,0
La83Ni17,0
La84Al16,1
La84Au16,0
La84Ni16,0
La85Al15,1
La85Au15,0
La85Ni15,0
La86Al14,1
La86Au14,0
La86Ni14,0
La87Al13,1
La87Au13,0
La87Ni13,0
La88Al12,0
La88Au12,0
La88Ni12,0
La89Al11,0
La89Au11,0
La89Ni11,0
La9Al91,1
La9Au91,0
La9Ni91,0
La90Al10,0
La90Au10,0
La90Ni10,0
La91Al9,0
La91Au9,0
La91Ni9,0
La92Al8,0
La92Au8,0
La92Ni8,0
La93Al7,0
La93Au7,0
La93Ni7,0
La94Al6,0
La94Au6,0
La94Ni6,0
La95Al5,0
La95Au5,0
La95Ni5,0
La96Al4,0
La96Au4,0
La96Ni4,0
La97Al3,0
La97Au3,0
La97Ni3,0
La98Al2,0
La98Au2,0
La98Ni2,0
La99Al1,0
La99Au1,0
La99Ni1,0
Mg1Zn99,0
Mg10Zn90,0
Mg100,0
Mg11Zn89,0
Mg12Zn88,0
Mg13Zn87,0
Mg14Zn86,0
Mg15Zn85,0
Mg16Zn84,0
Mg17Zn83,0
Mg18Zn82,0
Mg19Zn81,0
Mg2Zn98,0
Mg20Zn80,0
Mg21Zn79,0
Mg22Zn78,0
Mg23Zn77,0
Mg24Zn76,0
Mg25Zn75,0
Mg26Zn74,0
Mg27Zn73,0
Mg28Zn72,0
Mg29Zn71,0
Mg3Zn97,0
Mg30Zn70,0
Mg31Zn69,0
Mg32Zn68,0
Mg33Zn67,0
Mg34Zn66,0
Mg35Zn65,0
Mg36Zn64,0
Mg37Zn63,0
Mg38Zn62,0
Mg39Zn61,0
Mg4Zn96,0
Mg40Zn60,0
Mg41Zn59,0
Mg42Zn58,0
Mg43Zn57,0
Mg44Zn56,0
Mg45Zn55,0
Mg46Zn54,0
Mg47Zn53,0
Mg48Zn52,0
Mg49Zn51,0
Mg5Zn95,0
Mg50Zn50,0
Mg51Zn49,0
Mg52Zn48,0
Mg53Zn47,0
Mg54Zn46,0
Mg55Zn45,0
Mg56Zn44,0
Mg57Zn43,0
Mg58Zn42,0
Mg59Zn41,0
Mg6Zn94,0
Mg60Zn40,0
Mg61Zn39,0
Mg62Zn38,0
Mg63Zn37,0
Mg64Zn36,0
Mg65Zn35,1
Mg66Zn34,1
Mg67Zn33,1
Mg68Zn32,1
Mg69Zn31,1
Mg7Zn93,0
Mg70Zn30,1
Mg71Zn29,1
Mg72Zn28,1
Mg73Zn27,1
Mg74Zn26,1
Mg75Zn25,1
Mg76Zn24,1
Mg77Zn23,0
Mg78Zn22,0
Mg79Zn21,0
Mg8Zn92,0
Mg80Zn20,0
Mg81Zn19,0
Mg82Zn18,0
Mg83Zn17,0
Mg84Zn16,0
Mg85Zn15,0
Mg86Zn14,0
Mg87Zn13,0
Mg88Zn12,0
Mg89Zn11,0
Mg9Zn91,0
Mg90Zn10,0
Mg91Zn9,0
Mg92Zn8,0
Mg93Zn7,0
Mg94Zn6,0
Mg95Zn5,0
Mg96Zn4,0
Mg97Zn3,0
Mg98Zn2,0
Mg99Zn1,0
Mn1Al99,0
Mn10Al90,0
Mn100,0
Mn11Al89,0
Mn12Al88,0
Mn13Al87,0
Mn14Al86,0
Mn15Al85,1
Mn16Al84,1
Mn17Al83,1
Mn18Al82,1
Mn19Al81,1
Mn2Al98,0
Mn20Al80,1
Mn21Al79,1
Mn22Al78,1
Mn23Al77,1
Mn24Al76,1
Mn25Al75,1
Mn26Al74,0
Mn27Al73,0
Mn28Al72,0
Mn29Al71,0
Mn3Al97,0
Mn30Al70,0
Mn31Al69,0
Mn32Al68,0
Mn33Al67,0
Mn34Al66,0
Mn35Al65,0
Mn36Al64,0
Mn37Al63,0
Mn38Al62,0
Mn39Al61,0
Mn4Al96,0
Mn40Al60,0
Mn41Al59,0
Mn42Al58,0
Mn43Al57,0
Mn44Al56,0
Mn45Al55,0
Mn46Al54,0
Mn47Al53,0
Mn48Al52,0
Mn49Al51,0
Mn5Al95,0
Mn50Al50,0
Mn51Al49,0
Mn52Al48,0
Mn53Al47,0
Mn54Al46,0
Mn55Al45,0
Mn56Al44,0
Mn57Al43,0
Mn58Al42,0
Mn59Al41,0
Mn6Al94,0
Mn60Al40,0
Mn61Al39,0
Mn62Al38,0
Mn63Al37,0
Mn64Al36,0
Mn65Al35,0
Mn66Al34,0
Mn67Al33,0
Mn68Al32,0
Mn69Al31,0
Mn7Al93,0
Mn70Al30,0
Mn71Al29,0
Mn72Al28,0
Mn73Al27,0
Mn74Al26,0
Mn75Al25,0
Mn76Al24,0
Mn77Al23,0
Mn78Al22,0
Mn79Al21,0
Mn8Al92,0
Mn80Al20,0
Mn81Al19,0
Mn82Al18,0
Mn83Al17,0
Mn84Al16,0
Mn85Al15,0
Mn86Al14,0
Mn87Al13,0
Mn88Al12,0
Mn89Al11,0
Mn9Al91,0
Mn90Al10,0
Mn91Al9,0
Mn92Al8,0
Mn93Al7,0
Mn94Al6,0
Mn95Al5,0
Mn96Al4,0
Mn97Al3,0
Mn98Al2,0
Mn99Al1,0
Mo100,0
Nb1Cr99,0
Nb1Ni99,0
Nb10Cr90,0
Nb10Ni90,0
Nb100,0
Nb11Cr89,1
Nb11Ni89,0
Nb12Cr88,1
Nb12Ni88,0
Nb13Cr87,1
Nb13Ni87,0
Nb14Cr86,1
Nb14Ni86,0
Nb15Cr85,1
Nb15Ni85,0
Nb16Cr84,1
Nb16Ni84,0
Nb17Cr83,1
Nb17Ni83,0
Nb18Cr82,0
Nb18Ni82,0
Nb19Cr81,0
Nb19Ni81,0
Nb2Cr98,0
Nb2Ni98,0
Nb20Cr80,0
Nb20Ni80,0
Nb21Cr79,0
Nb21Ni79,0
Nb22Cr78,0
Nb22Ni78,0
Nb23Cr77,0
Nb23Ni77,0
Nb24Cr76,0
Nb24Ni76,0
Nb25Cr75,0
Nb25Ni75,0
Nb26Cr74,0
Nb26Ni74,0
Nb27Cr73,0
Nb27Ni73,0
Nb28Cr72,0
Nb28Ni72,0
Nb29Cr71,0
Nb29Ni71,0
Nb3Cr97,0
Nb3Ni97,0
Nb30Cr70,0
Nb30Ni70,0
Nb31Cr69,0
Nb31Ni69,0
Nb32Cr68,0
Nb32Ni68,0
Nb33Cr67,0
Nb33Ni67,0
Nb34Cr66,0
Nb34Ni66,0
Nb35Cr65,0
Nb35Ni65,0
Nb36Cr64,0
Nb36Ni64,0
Nb37Cr63,0
Nb37Ni63,1
Nb38Cr62,0
Nb38Ni62,1
Nb39Cr61,0
Nb39Ni61,1
Nb4Cr96,0
Nb4Ni96,0
Nb40Cr60,0
Nb40Ni60,1
Nb41Cr59,0
Nb41Ni59,1
Nb42Cr58,0
Nb42Ni58,1
Nb43Cr57,0
Nb43Ni57,1
Nb44Cr56,0
Nb44Ni56,1
Nb45Cr55,0
Nb45Ni55,1
Nb46Cr54,0
Nb46Ni54,1
Nb47Cr53,0
Nb47Ni53,1
Nb48Cr52,0
Nb48Ni52,1
Nb49Cr51,0
Nb49Ni51,1
Nb5Cr95,0
Nb5Ni95,0
Nb50Cr50,0
Nb50Ni50,1
Nb51Cr49,0
Nb51Ni49,1
Nb52Cr48,0
Nb52Ni48,1
Nb53Cr47,0
Nb53Ni47,1
Nb54Cr46,0
Nb54Ni46,1
Nb55Cr45,0
Nb55Ni45,1
Nb56Cr44,0
Nb56Ni44,1
Nb57Cr43,0
Nb57Ni43,1
Nb58Cr42,0
Nb58Ni42,1
Nb59Cr41,0
Nb59Ni41,1
Nb6Cr94,0
Nb6Ni94,0
Nb60Cr40,0
Nb60Ni40,1
Nb61Cr39,0
Nb61Ni39,0
Nb62Cr38,0
Nb62Ni38,0
Nb63Cr37,0
Nb63Ni37,0
Nb64Cr36,0
Nb64Ni36,0
Nb65Cr35,0
Nb65Ni35,0
Nb66Cr34,0
Nb66Ni34,0
Nb67Cr33,0
Nb67Ni33,0
Nb68Cr32,0
Nb68Ni32,0
Nb69Cr31,0
Nb69Ni31,0
Nb7Cr93,0
Nb7Ni93,0
Nb70Cr30,0
Nb70Ni30,0
Nb71Cr29,0
Nb71Ni29,0
Nb72Cr28,0
Nb72Ni28,0
Nb73Cr27,0
Nb73Ni27,0
Nb74Cr26,0
Nb74Ni26,0
Nb75Cr25,0
Nb75Ni25,0
Nb76Cr24,0
Nb76Ni24,0
Nb77Cr23,0
Nb77Ni23,0
Nb78Cr22,0
Nb78Ni22,0
Nb79Cr21,0
Nb79Ni21,0
Nb8Cr92,0
Nb8Ni92,0
Nb80Cr20,0
Nb80Ni20,0
Nb81Cr19,0
Nb81Ni19,0
Nb82Cr18,0
Nb82Ni18,0
Nb83Cr17,0
Nb83Ni17,0
Nb84Cr16,0
Nb84Ni16,0
Nb85Cr15,0
Nb85Ni15,0
Nb86Cr14,0
Nb86Ni14,0
Nb87Cr13,0
Nb87Ni13,0
Nb88Cr12,0
Nb88Ni12,0
Nb89Cr11,0
Nb89Ni11,0
Nb9Cr91,0
Nb9Ni91,0
Nb90Cr10,0
Nb90Ni10,0
Nb91Cr9,0
Nb91Ni9,0
Nb92Cr8,0
Nb92Ni8,0
Nb93Cr7,0
Nb93Ni7,0
Nb94Cr6,0
Nb94Ni6,0
Nb95Cr5,0
Nb95Ni5,0
Nb96Cr4,0
Nb96Ni4,0
Nb97Cr3,0
Nb97Ni3,0
Nb98Cr2,0
Nb98Ni2,0
Nb99Cr1,0
Nb99Ni1,0
Nd1Al99,0
Nd1Fe99,0
Nd10Al90,1
Nd10Fe90,0
Nd100,0
Nd11Al89,1
Nd11Fe89,1
Nd12Al88,1
Nd12Fe88,1
Nd13Al87,1
Nd13Fe87,1
Nd14Al86,1
Nd14Fe86,1
Nd15Al85,0
Nd15Fe85,1
Nd16Al84,0
Nd16Fe84,1
Nd17Al83,0
Nd17Fe83,1
Nd18Al82,0
Nd18Fe82,1
Nd19Al81,0
Nd19Fe81,1
Nd2Al98,0
Nd2Fe98,0
Nd20Al80,0
Nd20Fe80,1
Nd21Al79,0
Nd21Fe79,1
Nd22Al78,0
Nd22Fe78,1
Nd23Al77,0
Nd23Fe77,1
Nd24Al76,0
Nd24Fe76,1
Nd25Al75,0
Nd25Fe75,1
Nd26Al74,0
Nd26Fe74,1
Nd27Al73,0
Nd27Fe73,1
Nd28Al72,0
Nd28Fe72,1
Nd29Al71,0
Nd29Fe71,1
Nd3Al97,0
Nd3Fe97,0
Nd30Al70,0
Nd30Fe70,1
Nd31Al69,0
Nd31Fe69,1
Nd32Al68,0
Nd32Fe68,1
Nd33Al67,0
Nd33Fe67,1
Nd34Al66,0
Nd34Fe66,1
Nd35Al65,0
Nd35Fe65,1
Nd36Al64,0
Nd36Fe64,1
Nd37Al63,0
Nd37Fe63,1
Nd38Al62,0
Nd38Fe62,1
Nd39Al61,0
Nd39Fe61,1
Nd4Al96,0
Nd4Fe96,0
Nd40Al60,0
Nd40Fe60,1
Nd41Al59,0
Nd41Fe59,1
Nd42Al58,0
Nd42Fe58,1
Nd43Al57,0
Nd43Fe57,1
Nd44Al56,0
Nd44Fe56,1
Nd45Al55,0
Nd45Fe55,1
Nd46Al54,0
Nd46Fe54,1
Nd47Al53,0
Nd47Fe53,1
Nd48Al52,0
Nd48Fe52,1
Nd49Al51,0
Nd49Fe51,1
Nd5Al95,0
Nd5Fe95,0
Nd50Al50,0
Nd50Fe50,1
Nd51Al49,0
Nd51Fe49,1
Nd52Al48,0
Nd52Fe48,1
Nd53Al47,0
Nd53Fe47,1
Nd54Al46,0
Nd54Fe46,1
Nd55Al45,0
Nd55Fe45,1
Nd56Al44,0
Nd56Fe44,1
Nd57Al43,0
Nd57Fe43,1
Nd58Al42,0
Nd58Fe42,1
Nd59Al41,0
Nd59Fe41,1
Nd6Al94,0
Nd6Fe94,0
Nd60Al40,0
Nd60Fe40,1
Nd61Al39,0
Nd61Fe39,0
Nd62Al38,0
Nd62Fe38,0
Nd63Al37,0
Nd63Fe37,0
Nd64Al36,0
Nd64Fe36,0
Nd65Al35,0
Nd65Fe35,0
Nd66Al34,0
Nd66Fe34,0
Nd67Al33,0
Nd67Fe33,0
Nd68Al32,0
Nd68Fe32,0
Nd69Al31,0
Nd69Fe31,0
Nd7Al93,0
Nd7Fe93,0
Nd70Al30,0
Nd70Fe30,0
Nd71Al29,0
Nd71Fe29,0
Nd72Al28,0
Nd72Fe28,0
Nd73Al27,0
Nd73Fe27,0
Nd74Al26,0
Nd74Fe26,0
Nd75Al25,0
Nd75Fe25,0
Nd76Al24,0
Nd76Fe24,0
Nd77Al23,0
Nd77Fe23,0
Nd78Al22,0
Nd78Fe22,0
Nd79Al21,0
Nd79Fe21,0
Nd8Al92,1
Nd8Fe92,0
Nd80Al20,0
Nd80Fe20,0
Nd81Al19,0
Nd81Fe19,0
Nd82Al18,0
Nd82Fe18,0
Nd83Al17,0
Nd83Fe17,0
Nd84Al16,0
Nd84Fe16,0
Nd85Al15,0
Nd85Fe15,0
Nd86Al14,0
Nd86Fe14,0
Nd87Al13,0
Nd87Fe13,0
Nd88Al12,0
Nd88Fe12,0
Nd89Al11,0
Nd89Fe11,0
Nd9Al91,1
Nd9Fe91,0
Nd90Al10,0
Nd90Fe10,0
Nd91Al9,0
Nd91Fe9,0
Nd92Al8,0
Nd92Fe8,0
Nd93Al7,0
Nd93Fe7,0
Nd94Al6,0
Nd94Fe6,0
Nd95Al5,0
Nd95Fe5,0
Nd96Al4,0
Nd96Fe4,0
Nd97Al3,0
Nd97Fe3,0
Nd98Al2,0
Nd98Fe2,0
Nd99Al1,0
Nd99Fe1,0
Ni1B99,0
Ni10B90,0
Ni100,0
Ni11B89,0
Ni12B88,0
Ni13B87,0
Ni14B86,0
Ni15B85,0
Ni16B84,0
Ni17B83,0
Ni18B82,0
Ni19B81,0
Ni2B98,0
Ni20B80,0
Ni21B79,0
Ni22B78,0
Ni23B77,0
Ni24B76,0
Ni25B75,0
Ni26B74,0
Ni27B73,0
Ni28B72,0
Ni29B71,0
Ni3B97,0
Ni30B70,0
Ni31B69,0
Ni32B68,0
Ni33B67,0
Ni34B66,0
Ni35B65,0
Ni36B64,0
Ni37B63,0
Ni38B62,0
Ni39B61,0
Ni4B96,0
Ni40B60,0
Ni41B59,0
Ni42B58,0
Ni43B57,0
Ni44B56,0
Ni45B55,0
Ni46B54,0
Ni47B53,0
Ni48B52,0
Ni49B51,0
Ni5B95,0
Ni50B50,0
Ni51B49,0
Ni52B48,0
Ni53B47,0
Ni54B46,0
Ni55B45,0
Ni56B44,0
Ni57B43,0
Ni58B42,0
Ni59B41,1
Ni6B94,0
Ni60B40,1
Ni61B39,1
Ni62B38,1
Ni63B37,1
Ni64B36,1
Ni65B35,1
Ni66B34,1
Ni67B33,1
Ni68B32,1
Ni69B31,1
Ni7B93,0
Ni70B30,1
Ni71B29,1
Ni72B28,1
Ni73B27,0
Ni74B26,0
Ni75B25,0
Ni76B24,0
Ni77B23,0
Ni78B22,0
Ni79B21,0
Ni8B92,0
Ni80B20,0
Ni81B19,0
Ni82B18,0
Ni83B17,0
Ni84B16,0
Ni85B15,0
Ni86B14,0
Ni87B13,0
Ni88B12,0
Ni89B11,0
Ni9B91,0
Ni90B10,0
Ni91B9,0
Ni92B8,0
Ni93B7,0
Ni94B6,0
Ni95B5,0
Ni96B4,0
Ni97B3,0
Ni98B2,0
Ni99B1,0
Pd100,0
Pr1Al99,0
Pr1Fe99,0
Pr10Al90,1
Pr10Fe90,0
Pr100,0
Pr11Al89,1
Pr11Fe89,0
Pr12Al88,0
Pr12Fe88,0
Pr13Al87,0
Pr13Fe87,0
Pr14Al86,0
Pr14Fe86,0
Pr15Al85,0
Pr15Fe85,0
Pr16Al84,0
Pr16Fe84,0
Pr17Al83,0
Pr17Fe83,0
Pr18Al82,0
Pr18Fe82,0
Pr19Al81,0
Pr19Fe81,0
Pr2Al98,0
Pr2Fe98,0
Pr20Al80,0
Pr20Fe80,0
Pr21Al79,0
Pr21Fe79,0
Pr22Al78,0
Pr22Fe78,0
Pr23Al77,0
Pr23Fe77,0
Pr24Al76,0
Pr24Fe76,0
Pr25Al75,0
Pr25Fe75,0
Pr26Al74,0
Pr26Fe74,0
Pr27Al73,0
Pr27Fe73,0
Pr28Al72,0
Pr28Fe72,0
Pr29Al71,0
Pr29Fe71,0
Pr3Al97,0
Pr3Fe97,0
Pr30Al70,0
Pr30Fe70,0
Pr31Al69,0
Pr31Fe69,0
Pr32Al68,0
Pr32Fe68,0
Pr33Al67,0
Pr33Fe67,0
Pr34Al66,0
Pr34Fe66,0
Pr35Al65,0
Pr35Fe65,0
Pr36Al64,0
Pr36Fe64,0
Pr37Al63,0
Pr37Fe63,0
Pr38Al62,0
Pr38Fe62,0
Pr39Al61,0
Pr39Fe61,0
Pr4Al96,0
Pr4Fe96,0
Pr40Al60,0
Pr40Fe60,0
Pr41Al59,0
Pr41Fe59,0
Pr42Al58,0
Pr42Fe58,0
Pr43Al57,0
Pr43Fe57,0
Pr44Al56,0
Pr44Fe56,0
Pr45Al55,0
Pr45Fe55,1
Pr46Al54,0
Pr46Fe54,1
Pr47Al53,0
Pr47Fe53,1
Pr48Al52,0
Pr48Fe52,1
Pr49Al51,0
Pr49Fe51,1
Pr5Al95,0
Pr5Fe95,0
Pr50Al50,0
Pr50Fe50,1
Pr51Al49,0
Pr51Fe49,1
Pr52Al48,0
Pr52Fe48,1
Pr53Al47,0
Pr53Fe47,1
Pr54Al46,0
Pr54Fe46,1
Pr55Al45,0
Pr55Fe45,1
Pr56Al44,0
Pr56Fe44,1
Pr57Al43,0
Pr57Fe43,1
Pr58Al42,0
Pr58Fe42,1
Pr59Al41,0
Pr59Fe41,1
Pr6Al94,0
Pr6Fe94,0
Pr60Al40,0
Pr60Fe40,1
Pr61Al39,0
Pr61Fe39,1
Pr62Al38,0
Pr62Fe38,1
Pr63Al37,0
Pr63Fe37,1
Pr64Al36,0
Pr64Fe36,1
Pr65Al35,0
Pr65Fe35,1
Pr66Al34,0
Pr66Fe34,1
Pr67Al33,0
Pr67Fe33,1
Pr68Al32,0
Pr68Fe32,1
Pr69Al31,0
Pr69Fe31,1
Pr7Al93,0
Pr7Fe93,0
Pr70Al30,0
Pr70Fe30,1
Pr71Al29,0
Pr71Fe29,1
Pr72Al28,0
Pr72Fe28,1
Pr73Al27,0
Pr73Fe27,1
Pr74Al26,0
Pr74Fe26,1
Pr75Al25,0
Pr75Fe25,1
Pr76Al24,0
Pr76Fe24,1
Pr77Al23,0
Pr77Fe23,1
Pr78Al22,0
Pr78Fe22,1
Pr79Al21,0
Pr79Fe21,1
Pr8Al92,0
Pr8Fe92,0
Pr80Al20,0
Pr80Fe20,1
Pr81Al19,0
Pr81Fe19,1
Pr82Al18,0
Pr82Fe18,1
Pr83Al17,0
Pr83Fe17,1
Pr84Al16,0
Pr84Fe16,1
Pr85Al15,0
Pr85Fe15,1
Pr86Al14,0
Pr86Fe14,1
Pr87Al13,0
Pr87Fe13,1
Pr88Al12,0
Pr88Fe12,1
Pr89Al11,0
Pr89Fe11,1
Pr9Al91,1
Pr9Fe91,0
Pr90Al10,0
Pr90Fe10,1
Pr91Al9,0
Pr91Fe9,0
Pr92Al8,0
Pr92Fe8,0
Pr93Al7,0
Pr93Fe7,0
Pr94Al6,0
Pr94Fe6,0
Pr95Al5,0
Pr95Fe5,0
Pr96Al4,0
Pr96Fe4,0
Pr97Al3,0
Pr97Fe3,0
Pr98Al2,0
Pr98Fe2,0
Pr99Al1,0
Pr99Fe1,0
Pt100,0
Rh100,0
Sm1Al99,0
Sm10Al90,1
Sm100,0
Sm11Al89,1
Sm12Al88,1
Sm13Al87,1
Sm14Al86,1
Sm15Al85,1
Sm16Al84,1
Sm17Al83,0
Sm18Al82,0
Sm19Al81,0
Sm2Al98,0
Sm20Al80,0
Sm21Al79,0
Sm22Al78,0
Sm23Al77,0
Sm24Al76,0
Sm25Al75,0
Sm26Al74,0
Sm27Al73,0
Sm28Al72,0
Sm29Al71,0
Sm3Al97,0
Sm30Al70,0
Sm31Al69,0
Sm32Al68,0
Sm33Al67,0
Sm34Al66,0
Sm35Al65,0
Sm36Al64,0
Sm37Al63,0
Sm38Al62,0
Sm39Al61,0
Sm4Al96,0
Sm40Al60,0
Sm41Al59,0
Sm42Al58,0
Sm43Al57,0
Sm44Al56,0
Sm45Al55,0
Sm46Al54,0
Sm47Al53,0
Sm48Al52,0
Sm49Al51,0
Sm5Al95,0
Sm50Al50,0
Sm51Al49,0
Sm52Al48,0
Sm53Al47,0
Sm54Al46,0
Sm55Al45,0
Sm56Al44,0
Sm57Al43,0
Sm58Al42,0
Sm59Al41,0
Sm6Al94,0
Sm60Al40,0
Sm61Al39,0
Sm62Al38,0
Sm63Al37,0
Sm64Al36,0
Sm65Al35,0
Sm66Al34,0
Sm67Al33,0
Sm68Al32,0
Sm69Al31,0
Sm7Al93,0
Sm70Al30,0
Sm71Al29,0
Sm72Al28,0
Sm73Al27,0
Sm74Al26,0
Sm75Al25,0
Sm76Al24,0
Sm77Al23,0
Sm78Al22,0
Sm79Al21,0
Sm8Al92,1
Sm80Al20,0
Sm81Al19,0
Sm82Al18,0
Sm83Al17,0
Sm84Al16,0
Sm85Al15,0
Sm86Al14,0
Sm87Al13,0
Sm88Al12,0
Sm89Al11,0
Sm9Al91,1
Sm90Al10,0
Sm91Al9,0
Sm92Al8,0
Sm93Al7,0
Sm94Al6,0
Sm95Al5,0
Sm96Al4,0
Sm97Al3,0
Sm98Al2,0
Sm99Al1,0
Ta1Cr99,0
Ta1Ni99,0
Ta10Cr90,1
Ta10Ni90,0
Ta100,0
Ta11Cr89,1
Ta11Ni89,0
Ta12Cr88,1
Ta12Ni88,0
Ta13Cr87,1
Ta13Ni87,0
Ta14Cr86,0
Ta14Ni86,0
Ta15Cr85,0
Ta15Ni85,0
Ta16Cr84,0
Ta16Ni84,0
Ta17Cr83,0
Ta17Ni83,0
Ta18Cr82,0
Ta18Ni82,0
Ta19Cr81,0
Ta19Ni81,0
Ta2Cr98,0
Ta2Ni98,0
Ta20Cr80,0
Ta20Ni80,0
Ta21Cr79,0
Ta21Ni79,0
Ta22Cr78,0
Ta22Ni78,0
Ta23Cr77,0
Ta23Ni77,0
Ta24Cr76,0
Ta24Ni76,0
Ta25Cr75,0
Ta25Ni75,0
Ta26Cr74,0
Ta26Ni74,0
Ta27Cr73,0
Ta27Ni73,0
Ta28Cr72,0
Ta28Ni72,0
Ta29Cr71,0
Ta29Ni71,0
Ta3Cr97,0
Ta3Ni97,0
Ta30Cr70,0
Ta30Ni70,1
Ta31Cr69,0
Ta31Ni69,1
Ta32Cr68,0
Ta32Ni68,1
Ta33Cr67,0
Ta33Ni67,1
Ta34Cr66,0
Ta34Ni66,1
Ta35Cr65,0
Ta35Ni65,1
Ta36Cr64,0
Ta36Ni64,1
Ta37Cr63,0
Ta37Ni63,1
Ta38Cr62,0
Ta38Ni62,1
Ta39Cr61,0
Ta39Ni61,1
Ta4Cr96,0
Ta4Ni96,0
Ta40Cr60,0
Ta40Ni60,1
Ta41Cr59,0
Ta41Ni59,1
Ta42Cr58,0
Ta42Ni58,1
Ta43Cr57,0
Ta43Ni57,1
Ta44Cr56,0
Ta44Ni56,1
Ta45Cr55,0
Ta45Ni55,1
Ta46Cr54,0
Ta46Ni54,1
Ta47Cr53,0
Ta47Ni53,1
Ta48Cr52,0
Ta48Ni52,1
Ta49Cr51,0
Ta49Ni51,1
Ta5Cr95,0
Ta5Ni95,0
Ta50Cr50,0
Ta50Ni50,1
Ta51Cr49,0
Ta51Ni49,0
Ta52Cr48,0
Ta52Ni48,0
Ta53Cr47,0
Ta53Ni47,0
Ta54Cr46,0
Ta54Ni46,0
Ta55Cr45,0
Ta55Ni45,0
Ta56Cr44,0
Ta56Ni44,0
Ta57Cr43,0
Ta57Ni43,0
Ta58Cr42,0
Ta58Ni42,0
Ta59Cr41,0
Ta59Ni41,0
Ta6Cr94,0
Ta6Ni94,0
Ta60Cr40,0
Ta60Ni40,0
Ta61Cr39,0
Ta61Ni39,0
Ta62Cr38,0
Ta62Ni38,0
Ta63Cr37,0
Ta63Ni37,0
Ta64Cr36,0
Ta64Ni36,0
Ta65Cr35,0
Ta65Ni35,0
Ta66Cr34,0
Ta66Ni34,0
Ta67Cr33,0
Ta67Ni33,0
Ta68Cr32,0
Ta68Ni32,0
Ta69Cr31,0
Ta69Ni31,0
Ta7Cr93,1
Ta7Ni93,0
Ta70Cr30,0
Ta70Ni30,0
Ta71Cr29,0
Ta71Ni29,0
Ta72Cr28,0
Ta72Ni28,0
Ta73Cr27,0
Ta73Ni27,0
Ta74Cr26,0
Ta74Ni26,0
Ta75Cr25,0
Ta75Ni25,0
Ta76Cr24,0
Ta76Ni24,0
Ta77Cr23,0
Ta77Ni23,0
Ta78Cr22,0
Ta78Ni22,0
Ta79Cr21,0
Ta79Ni21,0
Ta8Cr92,1
Ta8Ni92,0
Ta80Cr20,0
Ta80Ni20,0
Ta81Cr19,0
Ta81Ni19,0
Ta82Cr18,0
Ta82Ni18,0
Ta83Cr17,0
Ta83Ni17,0
Ta84Cr16,0
Ta84Ni16,0
Ta85Cr15,0
Ta85Ni15,0
Ta86Cr14,0
Ta86Ni14,0
Ta87Cr13,0
Ta87Ni13,0
Ta88Cr12,0
Ta88Ni12,0
Ta89Cr11,0
Ta89Ni11,0
Ta9Cr91,1
Ta9Ni91,0
Ta90Cr10,0
Ta90Ni10,0
Ta91Cr9,0
Ta91Ni9,0
Ta92Cr8,0
Ta92Ni8,0
Ta93Cr7,0
Ta93Ni7,0
Ta94Cr6,0
Ta94Ni6,0
Ta95Cr5,0
Ta95Ni5,0
Ta96Cr4,0
Ta96Ni4,0
Ta97Cr3,0
Ta97Ni3,0
Ta98Cr2,0
Ta98Ni2,0
Ta99Cr1,0
Ta99Ni1,0
Tb1Al99,0
Tb1Co99,0
Tb10Al90,1
Tb10Co90,0
Tb100,0
Tb11Al89,1
Tb11Co89,0
Tb12Al88,1
Tb12Co88,0
Tb13Al87,1
Tb13Co87,0
Tb14Al86,1
Tb14Co86,0
Tb15Al85,0
Tb15Co85,0
Tb16Al84,0
Tb16Co84,0
Tb17Al83,0
Tb17Co83,0
Tb18Al82,0
Tb18Co82,0
Tb19Al81,0
Tb19Co81,0
Tb2Al98,0
Tb2Co98,0
Tb20Al80,0
Tb20Co80,0
Tb21Al79,0
Tb21Co79,0
Tb22Al78,0
Tb22Co78,0
Tb23Al77,0
Tb23Co77,0
Tb24Al76,0
Tb24Co76,0
Tb25Al75,0
Tb25Co75,0
Tb26Al74,0
Tb26Co74,0
Tb27Al73,0
Tb27Co73,0
Tb28Al72,0
Tb28Co72,0
Tb29Al71,0
Tb29Co71,0
Tb3Al97,0
Tb3Co97,0
Tb30Al70,0
Tb30Co70,0
Tb31Al69,0
Tb31Co69,0
Tb32Al68,0
Tb32Co68,0
Tb33Al67,0
Tb33Co67,0
Tb34Al66,0
Tb34Co66,0
Tb35Al65,0
Tb35Co65,0
Tb36Al64,0
Tb36Co64,0
Tb37Al63,0
Tb37Co63,0
Tb38Al62,0
Tb38Co62,0
Tb39Al61,0
Tb39Co61,0
Tb4Al96,0
Tb4Co96,0
Tb40Al60,0
Tb40Co60,0
Tb41Al59,0
Tb41Co59,0
Tb42Al58,0
Tb42Co58,0
Tb43Al57,0
Tb43Co57,0
Tb44Al56,0
Tb44Co56,0
Tb45Al55,0
Tb45Co55,1
Tb46Al54,0
Tb46Co54,1
Tb47Al53,0
Tb47Co53,1
Tb48Al52,0
Tb48Co52,1
Tb49Al51,0
Tb49Co51,1
Tb5Al95,0
Tb5Co95,0
Tb50Al50,0
Tb50Co50,1
Tb51Al49,0
Tb51Co49,1
Tb52Al48,0
Tb52Co48,1
Tb53Al47,0
Tb53Co47,1
Tb54Al46,0
Tb54Co46,1
Tb55Al45,0
Tb55Co45,1
Tb56Al44,0
Tb56Co44,1
Tb57Al43,0
Tb57Co43,1
Tb58Al42,0
Tb58Co42,1
Tb59Al41,0
Tb59Co41,1
Tb6Al94,0
Tb6Co94,0
Tb60Al40,0
Tb60Co40,1
Tb61Al39,0
Tb61Co39,1
Tb62Al38,0
Tb62Co38,1
Tb63Al37,0
Tb63Co37,1
Tb64Al36,0
Tb64Co36,1
Tb65Al35,0
Tb65Co35,1
Tb66Al34,0
Tb66Co34,0
Tb67Al33,0
Tb67Co33,0
Tb68Al32,0
Tb68Co32,0
Tb69Al31,0
Tb69Co31,0
Tb7Al93,0
Tb7Co93,0
Tb70Al30,0
Tb70Co30,0
Tb71Al29,0
Tb71Co29,0
Tb72Al28,0
Tb72Co28,0
Tb73Al27,0
Tb73Co27,0
Tb74Al26,0
Tb74Co26,0
Tb75Al25,0
Tb75Co25,0
Tb76Al24,0
Tb76Co24,0
Tb77Al23,0
Tb77Co23,0
Tb78Al22,0
Tb78Co22,0
Tb79Al21,0
Tb79Co21,0
Tb8Al92,0
Tb8Co92,0
Tb80Al20,0
Tb80Co20,0
Tb81Al19,0
Tb81Co19,0
Tb82Al18,0
Tb82Co18,0
Tb83Al17,0
Tb83Co17,0
Tb84Al16,0
Tb84Co16,0
Tb85Al15,0
Tb85Co15,0
Tb86Al14,0
Tb86Co14,0
Tb87Al13,0
Tb87Co13,0
Tb88Al12,0
Tb88Co12,0
Tb89Al11,0
Tb89Co11,0
Tb9Al91,1
Tb9Co91,0
Tb90Al10,0
Tb90Co10,0
Tb91Al9,0
Tb91Co9,0
Tb92Al8,0
Tb92Co8,0
Tb93Al7,0
Tb93Co7,0
Tb94Al6,0
Tb94Co6,0
Tb95Al5,0
Tb95Co5,0
Tb96Al4,0
Tb96Co4,0
Tb97Al3,0
Tb97Co3,0
Tb98Al2,0
Tb98Co2,0
Tb99Al1,0
Tb99Co1,0
Te100,0
Ti1Al99,0
Ti1Be99,0
Ti1Cu99,0
Ti10Al90,0
Ti10Be90,0
Ti10Cu90,0
Ti100,0
Ti11Al89,0
Ti11Be89,0
Ti11Cu89,0
Ti12Al88,0
Ti12Be88,0
Ti12Cu88,0
Ti13Al87,0
Ti13Be87,0
Ti13Cu87,0
Ti14Al86,0
Ti14Be86,0
Ti14Cu86,0
Ti15Al85,0
Ti15Be85,0
Ti15Cu85,0
Ti16Al84,0
Ti16Be84,0
Ti16Cu84,0
Ti17Al83,0
Ti17Be83,0
Ti17Cu83,0
Ti18Al82,0
Ti18Be82,0
Ti18Cu82,0
Ti19Al81,0
Ti19Be81,0
Ti19Cu81,0
Ti2Al98,0
Ti2Be98,0
Ti2Cu98,0
Ti20Al80,0
Ti20Be80,0
Ti20Cu80,0
Ti21Al79,0
Ti21Be79,0
Ti21Cu79,0
Ti22Al78,0
Ti22Be78,0
Ti22Cu78,0
Ti23Al77,0
Ti23Be77,0
Ti23Cu77,0
Ti24Al76,0
Ti24Be76,0
Ti24Cu76,0
Ti25Al75,0
Ti25Be75,0
Ti25Cu75,1
Ti26Al74,0
Ti26Be74,0
Ti26Cu74,1
Ti27Al73,0
Ti27Be73,0
Ti27Cu73,1
Ti28Al72,0
Ti28Be72,0
Ti28Cu72,1
Ti29Al71,0
Ti29Be71,0
Ti29Cu71,1
Ti3Al97,0
Ti3Be97,0
Ti3Cu97,0
Ti30Al70,0
Ti30Be70,0
Ti30Cu70,1
Ti31Al69,0
Ti31Be69,0
Ti31Cu69,1
Ti32Al68,0
Ti32Be68,0
Ti32Cu68,1
Ti33Al67,0
Ti33Be67,0
Ti33Cu67,1
Ti34Al66,1
Ti34Be66,0
Ti34Cu66,1
Ti35Al65,1
Ti35Be65,0
Ti35Cu65,1
Ti36Al64,1
Ti36Be64,0
Ti36Cu64,1
Ti37Al63,1
Ti37Be63,0
Ti37Cu63,1
Ti38Al62,1
Ti38Be62,0
Ti38Cu62,1
Ti39Al61,1
Ti39Be61,0
Ti39Cu61,1
Ti4Al96,0
Ti4Be96,0
Ti4Cu96,0
Ti40Al60,1
Ti40Be60,0
Ti40Cu60,1
Ti41Al59,1
Ti41Be59,0
Ti41Cu59,1
Ti42Al58,1
Ti42Be58,0
Ti42Cu58,1
Ti43Al57,1
Ti43Be57,0
Ti43Cu57,1
Ti44Al56,1
Ti44Be56,0
Ti44Cu56,1
Ti45Al55,1
Ti45Be55,0
Ti45Cu55,1
Ti46Al54,1
Ti46Be54,0
Ti46Cu54,1
Ti47Al53,1
Ti47Be53,0
Ti47Cu53,1
Ti48Al52,1
Ti48Be52,0
Ti48Cu52,1
Ti49Al51,1
Ti49Be51,0
Ti49Cu51,1
Ti5Al95,0
Ti5Be95,0
Ti5Cu95,0
Ti50Al50,1
Ti50Be50,0
Ti50Cu50,1
Ti51Al49,1
Ti51Be49,0
Ti51Cu49,1
Ti52Al48,1
Ti52Be48,0
Ti52Cu48,1
Ti53Al47,1
Ti53Be47,0
Ti53Cu47,1
Ti54Al46,1
Ti54Be46,0
Ti54Cu46,1
Ti55Al45,0
Ti55Be45,0
Ti55Cu45,1
Ti56Al44,0
Ti56Be44,0
Ti56Cu44,1
Ti57Al43,0
Ti57Be43,0
Ti57Cu43,1
Ti58Al42,0
Ti58Be42,0
Ti58Cu42,1
Ti59Al41,0
Ti59Be41,1
Ti59Cu41,1
Ti6Al94,0
Ti6Be94,0
Ti6Cu94,0
Ti60Al40,0
Ti60Be40,1
Ti60Cu40,1
Ti61Al39,0
Ti61Be39,1
Ti61Cu39,1
Ti62Al38,0
Ti62Be38,1
Ti62Cu38,1
Ti63Al37,0
Ti63Be37,1
Ti63Cu37,1
Ti64Al36,0
Ti64Be36,0
Ti64Cu36,1
Ti65Al35,0
Ti65Be35,0
Ti65Cu35,1
Ti66Al34,0
Ti66Be34,0
Ti66Cu34,0
Ti67Al33,0
Ti67Be33,0
Ti67Cu33,0
Ti68Al32,0
Ti68Be32,0
Ti68Cu32,0
Ti69Al31,0
Ti69Be31,0
Ti69Cu31,0
Ti7Al93,0
Ti7Be93,0
Ti7Cu93,0
Ti70Al30,0
Ti70Be30,0
Ti70Cu30,0
Ti71Al29,0
Ti71Be29,0
Ti71Cu29,0
Ti72Al28,0
Ti72Be28,0
Ti72Cu28,0
Ti73Al27,0
Ti73Be27,0
Ti73Cu27,0
Ti74Al26,0
Ti74Be26,0
Ti74Cu26,0
Ti75Al25,0
Ti75Be25,0
Ti75Cu25,0
Ti76Al24,0
Ti76Be24,0
Ti76Cu24,0
Ti77Al23,0
Ti77Be23,0
Ti77Cu23,0
Ti78Al22,0
Ti78Be22,0
Ti78Cu22,0
Ti79Al21,0
Ti79Be21,0
Ti79Cu21,0
Ti8Al92,0
Ti8Be92,0
Ti8Cu92,0
Ti80Al20,0
Ti80Be20,0
Ti80Cu20,0
Ti81Al19,0
Ti81Be19,0
Ti81Cu19,0
Ti82Al18,0
Ti82Be18,0
Ti82Cu18,0
Ti83Al17,0
Ti83Be17,0
Ti83Cu17,0
Ti84Al16,0
Ti84Be16,0
Ti84Cu16,0
Ti85Al15,0
Ti85Be15,0
Ti85Cu15,0
Ti86Al14,0
Ti86Be14,0
Ti86Cu14,0
Ti87Al13,0
Ti87Be13,0
Ti87Cu13,0
Ti88Al12,0
Ti88Be12,0
Ti88Cu12,0
Ti89Al11,0
Ti89Be11,0
Ti89Cu11,0
Ti9Al91,0
Ti9Be91,0
Ti9Cu91,0
Ti90Al10,0
Ti90Be10,0
Ti90Cu10,0
Ti91Al9,0
Ti91Be9,0
Ti91Cu9,0
Ti92Al8,0
Ti92Be8,0
Ti92Cu8,0
Ti93Al7,0
Ti93Be7,0
Ti93Cu7,0
Ti94Al6,0
Ti94Be6,0
Ti94Cu6,0
Ti95Al5,0
Ti95Be5,0
Ti95Cu5,0
Ti96Al4,0
Ti96Be4,0
Ti96Cu4,0
Ti97Al3,0
Ti97Be3,0
Ti97Cu3,0
Ti98Al2,0
Ti98Be2,0
Ti98Cu2,0
Ti99Al1,0
Ti99Be1,0
Ti99Cu1,0
U1Al99,0
U10Al90,1
U100,0
U11Al89,0
U12Al88,0
U13Al87,0
U14Al86,0
U15Al85,0
U16Al84,0
U17Al83,0
U18Al82,0
U19Al81,0
U2Al98,0
U20Al80,0
U21Al79,0
U22Al78,0
U23Al77,0
U24Al76,0
U25Al75,0
U26Al74,0
U27Al73,0
U28Al72,0
U29Al71,0
U3Al97,0
U30Al70,0
U31Al69,0
U32Al68,0
U33Al67,0
U34Al66,0
U35Al65,0
U36Al64,0
U37Al63,0
U38Al62,0
U39Al61,0
U4Al96,0
U40Al60,0
U41Al59,0
U42Al58,0
U43Al57,0
U44Al56,0
U45Al55,0
U46Al54,0
U47Al53,0
U48Al52,0
U49Al51,0
U5Al95,0
U50Al50,0
U51Al49,0
U52Al48,0
U53Al47,0
U54Al46,0
U55Al45,0
U56Al44,0
U57Al43,0
U58Al42,0
U59Al41,0
U6Al94,0
U60Al40,0
U61Al39,0
U62Al38,0
U63Al37,0
U64Al36,0
U65Al35,0
U66Al34,0
U67Al33,0
U68Al32,0
U69Al31,0
U7Al93,0
U70Al30,0
U71Al29,0
U72Al28,0
U73Al27,0
U74Al26,0
U75Al25,0
U76Al24,0
U77Al23,0
U78Al22,0
U79Al21,0
U8Al92,1
U80Al20,0
U81Al19,0
U82Al18,0
U83Al17,0
U84Al16,0
U85Al15,0
U86Al14,0
U87Al13,0
U88Al12,0
U89Al11,0
U9Al91,1
U90Al10,0
U91Al9,0
U92Al8,0
U93Al7,0
U94Al6,0
U95Al5,0
U96Al4,0
U97Al3,0
U98Al2,0
U99Al1,0
Y1Al99,0
Y1Fe99,0
Y1Mg99,0
Y10Al90,1
Y10Fe90,0
Y10Mg90,0
Y100,0
Y11Al89,1
Y11Fe89,0
Y11Mg89,0
Y12Al88,1
Y12Fe88,0
Y12Mg88,0
Y13Al87,1
Y13Fe87,0
Y13Mg87,0
Y14Al86,1
Y14Fe86,0
Y14Mg86,0
Y15Al85,1
Y15Fe85,0
Y15Mg85,1
Y16Al84,0
Y16Fe84,0
Y16Mg84,1
Y17Al83,0
Y17Fe83,0
Y17Mg83,0
Y18Al82,0
Y18Fe82,0
Y18Mg82,0
Y19Al81,0
Y19Fe81,0
Y19Mg81,0
Y2Al98,0
Y2Fe98,0
Y2Mg98,0
Y20Al80,0
Y20Fe80,1
Y20Mg80,0
Y21Al79,0
Y21Fe79,1
Y21Mg79,0
Y22Al78,0
Y22Fe78,1
Y22Mg78,0
Y23Al77,0
Y23Fe77,1
Y23Mg77,0
Y24Al76,0
Y24Fe76,1
Y24Mg76,0
Y25Al75,0
Y25Fe75,1
Y25Mg75,0
Y26Al74,0
Y26Fe74,1
Y26Mg74,0
Y27Al73,0
Y27Fe73,1
Y27Mg73,0
Y28Al72,0
Y28Fe72,1
Y28Mg72,0
Y29Al71,0
Y29Fe71,1
Y29Mg71,0
Y3Al97,0
Y3Fe97,0
Y3Mg97,0
Y30Al70,0
Y30Fe70,1
Y30Mg70,0
Y31Al69,0
Y31Fe69,1
Y31Mg69,0
Y32Al68,0
Y32Fe68,1
Y32Mg68,0
Y33Al67,0
Y33Fe67,1
Y33Mg67,0
Y34Al66,0
Y34Fe66,1
Y34Mg66,0
Y35Al65,0
Y35Fe65,1
Y35Mg65,0
Y36Al64,0
Y36Fe64,1
Y36Mg64,0
Y37Al63,0
Y37Fe63,1
Y37Mg63,0
Y38Al62,0
Y38Fe62,1
Y38Mg62,0
Y39Al61,0
Y39Fe61,1
Y39Mg61,0
Y4Al96,0
Y4Fe96,0
Y4Mg96,0
Y40Al60,0
Y40Fe60,1
Y40Mg60,0
Y41Al59,0
Y41Fe59,1
Y41Mg59,0
Y42Al58,0
Y42Fe58,1
Y42Mg58,0
Y43Al57,0
Y43Fe57,1
Y43Mg57,0
Y44Al56,0
Y44Fe56,1
Y44Mg56,0
Y45Al55,0
Y45Fe55,1
Y45Mg55,0
Y46Al54,0
Y46Fe54,1
Y46Mg54,0
Y47Al53,0
Y47Fe53,1
Y47Mg53,0
Y48Al52,0
Y48Fe52,1
Y48Mg52,0
Y49Al51,0
Y49Fe51,1
Y49Mg51,0
Y5Al95,0
Y5Fe95,0
Y5Mg95,0
Y50Al50,0
Y50Fe50,1
Y50Mg50,0
Y51Al49,0
Y51Fe49,1
Y51Mg49,0
Y52Al48,0
Y52Fe48,1
Y52Mg48,0
Y53Al47,0
Y53Fe47,1
Y53Mg47,0
Y54Al46,0
Y54Fe46,1
Y54Mg46,0
Y55Al45,0
Y55Fe45,1
Y55Mg45,0
Y56Al44,0
Y56Fe44,1
Y56Mg44,0
Y57Al43,0
Y57Fe43,1
Y57Mg43,0
Y58Al42,0
Y58Fe42,1
Y58Mg42,0
Y59Al41,0
Y59Fe41,1
Y59Mg41,0
Y6Al94,0
Y6Fe94,0
Y6Mg94,0
Y60Al40,0
Y60Fe40,1
Y60Mg40,0
Y61Al39,0
Y61Fe39,1
Y61Mg39,0
Y62Al38,0
Y62Fe38,1
Y62Mg38,0
Y63Al37,0
Y63Fe37,0
Y63Mg37,0
Y64Al36,0
Y64Fe36,0
Y64Mg36,0
Y65Al35,0
Y65Fe35,0
Y65Mg35,0
Y66Al34,0
Y66Fe34,0
Y66Mg34,0
Y67Al33,0
Y67Fe33,0
Y67Mg33,0
Y68Al32,0
Y68Fe32,0
Y68Mg32,0
Y69Al31,0
Y69Fe31,0
Y69Mg31,0
Y7Al93,0
Y7Fe93,0
Y7Mg93,0
Y70Al30,0
Y70Fe30,0
Y70Mg30,0
Y71Al29,0
Y71Fe29,0
Y71Mg29,0
Y72Al28,0
Y72Fe28,0
Y72Mg28,0
Y73Al27,0
Y73Fe27,0
Y73Mg27,0
Y74Al26,0
Y74Fe26,0
Y74Mg26,0
Y75Al25,0
Y75Fe25,0
Y75Mg25,0
Y76Al24,0
Y76Fe24,0
Y76Mg24,0
Y77Al23,0
Y77Fe23,0
Y77Mg23,0
Y78Al22,0
Y78Fe22,0
Y78Mg22,0
Y79Al21,0
Y79Fe21,0
Y79Mg21,0
Y8Al92,1
Y8Fe92,0
Y8Mg92,0
Y80Al20,0
Y80Fe20,0
Y80Mg20,0
Y81Al19,0
Y81Fe19,0
Y81Mg19,0
Y82Al18,0
Y82Fe18,0
Y82Mg18,0
Y83Al17,0
Y83Fe17,0
Y83Mg17,0
Y84Al16,0
Y84Fe16,0
Y84Mg16,0
Y85Al15,0
Y85Fe15,0
Y85Mg15,0
Y86Al14,0
Y86Fe14,0
Y86Mg14,0
Y87Al13,0
Y87Fe13,0
Y87Mg13,0
Y88Al12,0
Y88Fe12,0
Y88Mg12,0
Y89Al11,0
Y89Fe11,0
Y89Mg11,0
Y9Al91,1
Y9Fe91,0
Y9Mg91,0
Y90Al10,0
Y90Fe10,0
Y90Mg10,0
Y91Al9,0
Y91Fe9,0
Y91Mg9,0
Y92Al8,0
Y92Fe8,0
Y92Mg8,0
Y93Al7,0
Y93Fe7,0
Y93Mg7,0
Y94Al6,0
Y94Fe6,0
Y94Mg6,0
Y95Al5,0
Y95Fe5,0
Y95Mg5,0
Y96Al4,0
Y96Fe4,0
Y96Mg4,0
Y97Al3,0
Y97Fe3,0
Y97Mg3,0
Y98Al2,0
Y98Fe2,0
Y98Mg2,0
Y99Al1,0
Y99Fe1,0
Y99Mg1,0
Yb1Al99,0
Yb10Al90,1
Yb100,0
Yb11Al89,1
Yb12Al88,1
Yb13Al87,1
Yb14Al86,0
Yb15Al85,0
Yb16Al84,0
Yb17Al83,0
Yb18Al82,0
Yb19Al81,0
Yb2Al98,0
Yb20Al80,0
Yb21Al79,0
Yb22Al78,0
Yb23Al77,0
Yb24Al76,0
Yb25Al75,0
Yb26Al74,0
Yb27Al73,0
Yb28Al72,0
Yb29Al71,0
Yb3Al97,0
Yb30Al70,0
Yb31Al69,0
Yb32Al68,0
Yb33Al67,0
Yb34Al66,0
Yb35Al65,0
Yb36Al64,0
Yb37Al63,0
Yb38Al62,0
Yb39Al61,0
Yb4Al96,0
Yb40Al60,0
Yb41Al59,0
Yb42Al58,0
Yb43Al57,0
Yb44Al56,0
Yb45Al55,0
Yb46Al54,0
Yb47Al53,0
Yb48Al52,0
Yb49Al51,0
Yb5Al95,0
Yb50Al50,0
Yb51Al49,0
Yb52Al48,0
Yb53Al47,0
Yb54Al46,0
Yb55Al45,0
Yb56Al44,0
Yb57Al43,0
Yb58Al42,0
Yb59Al41,0
Yb6Al94,0
Yb60Al40,0
Yb61Al39,0
Yb62Al38,0
Yb63Al37,0
Yb64Al36,0
Yb65Al35,0
Yb66Al34,0
Yb67Al33,0
Yb68Al32,0
Yb69Al31,0
Yb7Al93,0
Yb70Al30,0
Yb71Al29,0
Yb72Al28,0
Yb73Al27,0
Yb74Al26,0
Yb75Al25,0
Yb76Al24,0
Yb77Al23,0
Yb78Al22,0
Yb79Al21,0
Yb8Al92,0
Yb80Al20,0
Yb81Al19,0
Yb82Al18,0
Yb83Al17,0
Yb84Al16,0
Yb85Al15,0
Yb86Al14,0
Yb87Al13,0
Yb88Al12,0
Yb89Al11,0
Yb9Al91,1
Yb90Al10,0
Yb91Al9,0
Yb92Al8,0
Yb93Al7,0
Yb94Al6,0
Yb95Al5,0
Yb96Al4,0
Yb97Al3,0
Yb98Al2,0
Yb99Al1,0
Zn100,0
Zr1Al99,0
Zr1Be99,0
Zr1Co99,0
Zr1Cu99,0
Zr1Fe99,0
Zr1Ge99,0
Zr1Ni99,0
Zr1Pd99,0
Zr1Pt99,0
Zr1Rh99,0
Zr1Ti99,0
Zr10Al90,0
Zr10Be90,0
Zr10Co90,0
Zr10Cu90,1
Zr10Fe90,1
Zr10Ge90,0
Zr10Ni90,0
Zr10Pd90,0
Zr10Pt90,0
Zr10Rh90,0
Zr10Ti90,0
Zr100,0
Zr11Al89,0
Zr11Be89,0
Zr11Co89,0
Zr11Cu89,1
Zr11Fe89,1
Zr11Ge89,0
Zr11Ni89,0
Zr11Pd89,0
Zr11Pt89,0
Zr11Rh89,0
Zr11Ti89,0
Zr12Al88,0
Zr12Be88,0
Zr12Co88,0
Zr12Cu88,1
Zr12Fe88,1
Zr12Ge88,0
Zr12Ni88,0
Zr12Pd88,0
Zr12Pt88,0
Zr12Rh88,0
Zr12Ti88,0
Zr13Al87,0
Zr13Be87,0
Zr13Co87,0
Zr13Cu87,1
Zr13Fe87,1
Zr13Ge87,0
Zr13Ni87,0
Zr13Pd87,0
Zr13Pt87,0
Zr13Rh87,0
Zr13Ti87,0
Zr14Al86,0
Zr14Be86,0
Zr14Co86,0
Zr14Cu86,1
Zr14Fe86,0
Zr14Ge86,0
Zr14Ni86,0
Zr14Pd86,0
Zr14Pt86,0
Zr14Rh86,0
Zr14Ti86,0
Zr15Al85,0
Zr15Be85,0
Zr15Co85,0
Zr15Cu85,1
Zr15Fe85,0
Zr15Ge85,0
Zr15Ni85,0
Zr15Pd85,0
Zr15Pt85,0
Zr15Rh85,0
Zr15Ti85,1
Zr16Al84,0
Zr16Be84,0
Zr16Co84,0
Zr16Cu84,1
Zr16Fe84,0
Zr16Ge84,0
Zr16Ni84,0
Zr16Pd84,0
Zr16Pt84,0
Zr16Rh84,0
Zr16Ti84,1
Zr17Al83,0
Zr17Be83,0
Zr17Co83,0
Zr17Cu83,1
Zr17Fe83,0
Zr17Ge83,0
Zr17Ni83,0
Zr17Pd83,0
Zr17Pt83,0
Zr17Rh83,0
Zr17Ti83,1
Zr18Al82,0
Zr18Be82,0
Zr18Co82,0
Zr18Cu82,1
Zr18Fe82,0
Zr18Ge82,0
Zr18Ni82,0
Zr18Pd82,0
Zr18Pt82,0
Zr18Rh82,0
Zr18Ti82,1
Zr19Al81,0
Zr19Be81,0
Zr19Co81,0
Zr19Cu81,1
Zr19Fe81,0
Zr19Ge81,0
Zr19Ni81,0
Zr19Pd81,0
Zr19Pt81,0
Zr19Rh81,0
Zr19Ti81,1
Zr2Al98,0
Zr2Be98,0
Zr2Co98,0
Zr2Cu98,0
Zr2Fe98,0
Zr2Ge98,0
Zr2Ni98,0
Zr2Pd98,0
Zr2Pt98,0
Zr2Rh98,0
Zr2Ti98,0
Zr20Al80,0
Zr20Be80,0
Zr20Co80,0
Zr20Cu80,1
Zr20Fe80,0
Zr20Ge80,0
Zr20Ni80,1
Zr20Pd80,0
Zr20Pt80,0
Zr20Rh80,0
Zr20Ti80,1
Zr21Al79,0
Zr21Be79,0
Zr21Co79,0
Zr21Cu79,1
Zr21Fe79,0
Zr21Ge79,0
Zr21Ni79,1
Zr21Pd79,0
Zr21Pt79,0
Zr21Rh79,0
Zr21Ti79,1
Zr22Al78,0
Zr22Be78,0
Zr22Co78,0
Zr22Cu78,1
Zr22Fe78,0
Zr22Ge78,0
Zr22Ni78,1
Zr22Pd78,0
Zr22Pt78,0
Zr22Rh78,0
Zr22Ti78,1
Zr23Al77,0
Zr23Be77,0
Zr23Co77,0
Zr23Cu77,1
Zr23Fe77,0
Zr23Ge77,0
Zr23Ni77,1
Zr23Pd77,0
Zr23Pt77,0
Zr23Rh77,0
Zr23Ti77,0
Zr24Al76,0
Zr24Be76,0
Zr24Co76,0
Zr24Cu76,1
Zr24Fe76,0
Zr24Ge76,0
Zr24Ni76,1
Zr24Pd76,0
Zr24Pt76,0
Zr24Rh76,0
Zr24Ti76,0
Zr25Al75,0
Zr25Be75,0
Zr25Co75,0
Zr25Cu75,1
Zr25Fe75,0
Zr25Ge75,0
Zr25Ni75,1
Zr25Pd75,0
Zr25Pt75,0
Zr25Rh75,0
Zr25Ti75,0
Zr26Al74,0
Zr26Be74,0
Zr26Co74,0
Zr26Cu74,1
Zr26Fe74,0
Zr26Ge74,0
Zr26Ni74,1
Zr26Pd74,0
Zr26Pt74,0
Zr26Rh74,0
Zr26Ti74,0
Zr27Al73,0
Zr27Be73,0
Zr27Co73,0
Zr27Cu73,1
Zr27Fe73,0
Zr27Ge73,0
Zr27Ni73,1
Zr27Pd73,0
Zr27Pt73,0
Zr27Rh73,0
Zr27Ti73,0
Zr28Al72,0
Zr28Be72,0
Zr28Co72,0
Zr28Cu72,1
Zr28Fe72,0
Zr28Ge72,0
Zr28Ni72,1
Zr28Pd72,0
Zr28Pt72,0
Zr28Rh72,0
Zr28Ti72,0
Zr29Al71,0
Zr29Be71,0
Zr29Co71,0
Zr29Cu71,1
Zr29Fe71,0
Zr29Ge71,0
Zr29Ni71,1
Zr29Pd71,0
Zr29Pt71,0
Zr29Rh71,0
Zr29Ti71,0
Zr3Al97,0
Zr3Be97,0
Zr3Co97,0
Zr3Cu97,0
Zr3Fe97,0
Zr3Ge97,0
Zr3Ni97,0
Zr3Pd97,0
Zr3Pt97,0
Zr3Rh97,0
Zr3Ti97,0
Zr30Al70,0
Zr30Be70,0
Zr30Co70,0
Zr30Cu70,1
Zr30Fe70,0
Zr30Ge70,0
Zr30Ni70,1
Zr30Pd70,0
Zr30Pt70,0
Zr30Rh70,0
Zr30Ti70,0
Zr31Al69,0
Zr31Be69,0
Zr31Co69,0
Zr31Cu69,1
Zr31Fe69,0
Zr31Ge69,0
Zr31Ni69,1
Zr31Pd69,0
Zr31Pt69,0
Zr31Rh69,0
Zr31Ti69,0
Zr32Al68,0
Zr32Be68,0
Zr32Co68,0
Zr32Cu68,1
Zr32Fe68,0
Zr32Ge68,0
Zr32Ni68,1
Zr32Pd68,0
Zr32Pt68,0
Zr32Rh68,0
Zr32Ti68,0
Zr33Al67,0
Zr33Be67,0
Zr33Co67,0
Zr33Cu67,1
Zr33Fe67,0
Zr33Ge67,0
Zr33Ni67,1
Zr33Pd67,0
Zr33Pt67,0
Zr33Rh67,0
Zr33Ti67,0
Zr34Al66,0
Zr34Be66,0
Zr34Co66,0
Zr34Cu66,1
Zr34Fe66,0
Zr34Ge66,0
Zr34Ni66,1
Zr34Pd66,0
Zr34Pt66,0
Zr34Rh66,0
Zr34Ti66,0
Zr35Al65,0
Zr35Be65,0
Zr35Co65,0
Zr35Cu65,1
Zr35Fe65,0
Zr35Ge65,0
Zr35Ni65,1
Zr35Pd65,0
Zr35Pt65,0
Zr35Rh65,0
Zr35Ti65,0
Zr36Al64,0
Zr36Be64,0
Zr36Co64,0
Zr36Cu64,1
Zr36Fe64,0
Zr36Ge64,0
Zr36Ni64,1
Zr36Pd64,0
Zr36Pt64,0
Zr36Rh64,0
Zr36Ti64,0
Zr37Al63,0
Zr37Be63,0
Zr37Co63,0
Zr37Cu63,1
Zr37Fe63,0
Zr37Ge63,0
Zr37Ni63,1
Zr37Pd63,0
Zr37Pt63,0
Zr37Rh63,0
Zr37Ti63,0
Zr38Al62,0
Zr38Be62,0
Zr38Co62,0
Zr38Cu62,1
Zr38Fe62,0
Zr38Ge62,0
Zr38Ni62,1
Zr38Pd62,0
Zr38Pt62,0
Zr38Rh62,0
Zr38Ti62,0
Zr39Al61,0
Zr39Be61,0
Zr39Co61,0
Zr39Cu61,1
Zr39Fe61,0
Zr39Ge61,0
Zr39Ni61,1
Zr39Pd61,0
Zr39Pt61,0
Zr39Rh61,0
Zr39Ti61,0
Zr4Al96,0
Zr4Be96,0
Zr4Co96,0
Zr4Cu96,0
Zr4Fe96,0
Zr4Ge96,0
Zr4Ni96,0
Zr4Pd96,0
Zr4Pt96,0
Zr4Rh96,0
Zr4Ti96,0
Zr40Al60,0
Zr40Be60,0
Zr40Co60,0
Zr40Cu60,1
Zr40Fe60,0
Zr40Ge60,0
Zr40Ni60,1
Zr40Pd60,0
Zr40Pt60,0
Zr40Rh60,0
Zr40Ti60,0
Zr41Al59,0
Zr41Be59,0
Zr41Co59,0
Zr41Cu59,1
Zr41Fe59,0
Zr41Ge59,0
Zr41Ni59,1
Zr41Pd59,0
Zr41Pt59,0
Zr41Rh59,0
Zr41Ti59,0
Zr42Al58,0
Zr42Be58,0
Zr42Co58,1
Zr42Cu58,1
Zr42Fe58,0
Zr42Ge58,0
Zr42Ni58,1
Zr42Pd58,0
Zr42Pt58,0
Zr42Rh58,0
Zr42Ti58,0
Zr43Al57,0
Zr43Be57,0
Zr43Co57,1
Zr43Cu57,1
Zr43Fe57,0
Zr43Ge57,0
Zr43Ni57,1
Zr43Pd57,0
Zr43Pt57,0
Zr43Rh57,0
Zr43Ti57,0
Zr44Al56,0
Zr44Be56,0
Zr44Co56,1
Zr44Cu56,1
Zr44Fe56,0
Zr44Ge56,0
Zr44Ni56,1
Zr44Pd56,0
Zr44Pt56,0
Zr44Rh56,0
Zr44Ti56,0
Zr45Al55,1
Zr45Be55,0
Zr45Co55,1
Zr45Cu55,1
Zr45Fe55,0
Zr45Ge55,0
Zr45Ni55,1
Zr45Pd55,0
Zr45Pt55,0
Zr45Rh55,0
Zr45Ti55,0
Zr46Al54,1
Zr46Be54,0
Zr46Co54,1
Zr46Cu54,1
Zr46Fe54,0
Zr46Ge54,0
Zr46Ni54,1
Zr46Pd54,0
Zr46Pt54,0
Zr46Rh54,0
Zr46Ti54,0
Zr47Al53,1
Zr47Be53,0
Zr47Co53,1
Zr47Cu53,1
Zr47Fe53,0
Zr47Ge53,0
Zr47Ni53,1
Zr47Pd53,0
Zr47Pt53,0
Zr47Rh53,0
Zr47Ti53,0
Zr48Al52,1
Zr48Be52,0
Zr48Co52,1
Zr48Cu52,1
Zr48Fe52,0
Zr48Ge52,0
Zr48Ni52,1
Zr48Pd52,0
Zr48Pt52,0
Zr48Rh52,0
Zr48Ti52,0
Zr49Al51,1
Zr49Be51,0
Zr49Co51,1
Zr49Cu51,1
Zr49Fe51,0
Zr49Ge51,0
Zr49Ni51,1
Zr49Pd51,0
Zr49Pt51,0
Zr49Rh51,0
Zr49Ti51,0
Zr5Al95,0
Zr5Be95,0
Zr5Co95,0
Zr5Cu95,0
Zr5Fe95,0
Zr5Ge95,0
Zr5Ni95,0
Zr5Pd95,0
Zr5Pt95,0
Zr5Rh95,0
Zr5Ti95,0
Zr50Al50,1
Zr50Be50,1
Zr50Co50,1
Zr50Cu50,1
Zr50Fe50,0
Zr50Ge50,0
Zr50Ni50,1
Zr50Pd50,0
Zr50Pt50,0
Zr50Rh50,0
Zr50Ti50,0
Zr51Al49,1
Zr51Be49,1
Zr51Co49,1
Zr51Cu49,1
Zr51Fe49,0
Zr51Ge49,0
Zr51Ni49,1
Zr51Pd49,0
Zr51Pt49,0
Zr51Rh49,0
Zr51Ti49,0
Zr52Al48,1
Zr52Be48,1
Zr52Co48,1
Zr52Cu48,1
Zr52Fe48,0
Zr52Ge48,0
Zr52Ni48,1
Zr52Pd48,0
Zr52Pt48,0
Zr52Rh48,0
Zr52Ti48,0
Zr53Al47,1
Zr53Be47,1
Zr53Co47,1
Zr53Cu47,1
Zr53Fe47,0
Zr53Ge47,0
Zr53Ni47,1
Zr53Pd47,0
Zr53Pt47,0
Zr53Rh47,0
Zr53Ti47,0
Zr54Al46,0
Zr54Be46,1
Zr54Co46,1
Zr54Cu46,1
Zr54Fe46,0
Zr54Ge46,0
Zr54Ni46,1
Zr54Pd46,0
Zr54Pt46,0
Zr54Rh46,0
Zr54Ti46,0
Zr55Al45,0
Zr55Be45,1
Zr55Co45,1
Zr55Cu45,1
Zr55Fe45,0
Zr55Ge45,0
Zr55Ni45,1
Zr55Pd45,0
Zr55Pt45,0
Zr55Rh45,0
Zr55Ti45,0
Zr56Al44,0
Zr56Be44,1
Zr56Co44,1
Zr56Cu44,1
Zr56Fe44,1
Zr56Ge44,0
Zr56Ni44,1
Zr56Pd44,0
Zr56Pt44,0
Zr56Rh44,0
Zr56Ti44,0
Zr57Al43,0
Zr57Be43,1
Zr57Co43,1
Zr57Cu43,1
Zr57Fe43,1
Zr57Ge43,0
Zr57Ni43,1
Zr57Pd43,0
Zr57Pt43,0
Zr57Rh43,0
Zr57Ti43,0
Zr58Al42,0
Zr58Be42,1
Zr58Co42,1
Zr58Cu42,1
Zr58Fe42,1
Zr58Ge42,0
Zr58Ni42,1
Zr58Pd42,0
Zr58Pt42,0
Zr58Rh42,0
Zr58Ti42,0
Zr59Al41,0
Zr59Be41,1
Zr59Co41,1
Zr59Cu41,1
Zr59Fe41,1
Zr59Ge41,0
Zr59Ni41,1
Zr59Pd41,0
Zr59Pt41,0
Zr59Rh41,0
Zr59Ti41,0
Zr6Al94,0
Zr6Be94,0
Zr6Co94,0
Zr6Cu94,0
Zr6Fe94,0
Zr6Ge94,0
Zr6Ni94,0
Zr6Pd94,0
Zr6Pt94,0
Zr6Rh94,0
Zr6Ti94,0
Zr60Al40,0
Zr60Be40,1
Zr60Co40,1
Zr60Cu40,1
Zr60Fe40,1
Zr60Ge40,0
Zr60Ni40,1
Zr60Pd40,0
Zr60Pt40,0
Zr60Rh40,0
Zr60Ti40,0
Zr61Al39,0
Zr61Be39,1
Zr61Co39,1
Zr61Cu39,1
Zr61Fe39,1
Zr61Ge39,0
Zr61Ni39,1
Zr61Pd39,0
Zr61Pt39,0
Zr61Rh39,0
Zr61Ti39,0
Zr62Al38,0
Zr62Be38,1
Zr62Co38,1
Zr62Cu38,1
Zr62Fe38,1
Zr62Ge38,0
Zr62Ni38,1
Zr62Pd38,0
Zr62Pt38,0
Zr62Rh38,0
Zr62Ti38,0
Zr63Al37,1
Zr63Be37,1
Zr63Co37,1
Zr63Cu37,1
Zr63Fe37,1
Zr63Ge37,0
Zr63Ni37,1
Zr63Pd37,0
Zr63Pt37,0
Zr63Rh37,0
Zr63Ti37,0
Zr64Al36,1
Zr64Be36,1
Zr64Co36,1
Zr64Cu36,1
Zr64Fe36,1
Zr64Ge36,0
Zr64Ni36,1
Zr64Pd36,0
Zr64Pt36,0
Zr64Rh36,0
Zr64Ti36,0
Zr65Al35,1
Zr65Be35,1
Zr65Co35,1
Zr65Cu35,1
Zr65Fe35,1
Zr65Ge35,0
Zr65Ni35,1
Zr65Pd35,1
Zr65Pt35,0
Zr65Rh35,0
Zr65Ti35,0
Zr66Al34,1
Zr66Be34,1
Zr66Co34,1
Zr66Cu34,1
Zr66Fe34,1
Zr66Ge34,0
Zr66Ni34,1
Zr66Pd34,1
Zr66Pt34,0
Zr66Rh34,1
Zr66Ti34,0
Zr67Al33,1
Zr67Be33,1
Zr67Co33,1
Zr67Cu33,1
Zr67Fe33,1
Zr67Ge33,0
Zr67Ni33,1
Zr67Pd33,1
Zr67Pt33,0
Zr67Rh33,1
Zr67Ti33,0
Zr68Al32,1
Zr68Be32,1
Zr68Co32,1
Zr68Cu32,1
Zr68Fe32,1
Zr68Ge32,0
Zr68Ni32,1
Zr68Pd32,1
Zr68Pt32,0
Zr68Rh32,1
Zr68Ti32,0
Zr69Al31,1
Zr69Be31,1
Zr69Co31,1
Zr69Cu31,1
Zr69Fe31,1
Zr69Ge31,0
Zr69Ni31,1
Zr69Pd31,1
Zr69Pt31,0
Zr69Rh31,1
Zr69Ti31,0
Zr7Al93,0
Zr7Be93,0
Zr7Co93,0
Zr7Cu93,0
Zr7Fe93,0
Zr7Ge93,0
Zr7Ni93,0
Zr7Pd93,0
Zr7Pt93,0
Zr7Rh93,0
Zr7Ti93,0
Zr70Al30,1
Zr70Be30,1
Zr70Co30,1
Zr70Cu30,1
Zr70Fe30,1
Zr70Ge30,0
Zr70Ni30,1
Zr70Pd30,1
Zr70Pt30,1
Zr70Rh30,1
Zr70Ti30,0
Zr71Al29,1
Zr71Be29,0
Zr71Co29,1
Zr71Cu29,1
Zr71Fe29,1
Zr71Ge29,0
Zr71Ni29,1
Zr71Pd29,0
Zr71Pt29,1
Zr71Rh29,1
Zr71Ti29,0
Zr72Al28,1
Zr72Be28,0
Zr72Co28,1
Zr72Cu28,1
Zr72Fe28,1
Zr72Ge28,0
Zr72Ni28,1
Zr72Pd28,0
Zr72Pt28,1
Zr72Rh28,1
Zr72Ti28,0
Zr73Al27,1
Zr73Be27,0
Zr73Co27,1
Zr73Cu27,1
Zr73Fe27,1
Zr73Ge27,0
Zr73Ni27,1
Zr73Pd27,0
Zr73Pt27,1
Zr73Rh27,1
Zr73Ti27,0
Zr74Al26,1
Zr74Be26,0
Zr74Co26,1
Zr74Cu26,1
Zr74Fe26,1
Zr74Ge26,0
Zr74Ni26,1
Zr74Pd26,0
Zr74Pt26,1
Zr74Rh26,1
Zr74Ti26,0
Zr75Al25,0
Zr75Be25,0
Zr75Co25,1
Zr75Cu25,1
Zr75Fe25,1
Zr75Ge25,0
Zr75Ni25,1
Zr75Pd25,0
Zr75Pt25,1
Zr75Rh25,1
Zr75Ti25,0
Zr76Al24,0
Zr76Be24,0
Zr76Co24,1
Zr76Cu24,1
Zr76Fe24,1
Zr76Ge24,0
Zr76Ni24,1
Zr76Pd24,0
Zr76Pt24,1
Zr76Rh24,1
Zr76Ti24,0
Zr77Al23,0
Zr77Be23,0
Zr77Co23,1
Zr77Cu23,1
Zr77Fe23,1
Zr77Ge23,0
Zr77Ni23,1
Zr77Pd23,0
Zr77Pt23,1
Zr77Rh23,1
Zr77Ti23,0
Zr78Al22,0
Zr78Be22,0
Zr78Co22,1
Zr78Cu22,1
Zr78Fe22,1
Zr78Ge22,0
Zr78Ni22,1
Zr78Pd22,0
Zr78Pt22,1
Zr78Rh22,1
Zr78Ti22,0
Zr79Al21,0
Zr79Be21,0
Zr79Co21,1
Zr79Cu21,1
Zr79Fe21,1
Zr79Ge21,0
Zr79Ni21,1
Zr79Pd21,0
Zr79Pt21,1
Zr79Rh21,1
Zr79Ti21,0
Zr8Al92,0
Zr8Be92,0
Zr8Co92,0
Zr8Cu92,0
Zr8Fe92,0
Zr8Ge92,0
Zr8Ni92,0
Zr8Pd92,0
Zr8Pt92,0
Zr8Rh92,0
Zr8Ti92,0
Zr80Al20,0
Zr80Be20,0
Zr80Co20,1
Zr80Cu20,1
Zr80Fe20,1
Zr80Ge20,0
Zr80Ni20,1
Zr80Pd20,0
Zr80Pt20,1
Zr80Rh20,1
Zr80Ti20,0
Zr81Al19,0
Zr81Be19,0
Zr81Co19,0
Zr81Cu19,0
Zr81Fe19,1
Zr81Ge19,1
Zr81Ni19,0
Zr81Pd19,0
Zr81Pt19,0
Zr81Rh19,0
Zr81Ti19,0
Zr82Al18,0
Zr82Be18,0
Zr82Co18,0
Zr82Cu18,0
Zr82Fe18,1
Zr82Ge18,1
Zr82Ni18,0
Zr82Pd18,0
Zr82Pt18,0
Zr82Rh18,0
Zr82Ti18,0
Zr83Al17,0
Zr83Be17,0
Zr83Co17,0
Zr83Cu17,0
Zr83Fe17,0
Zr83Ge17,1
Zr83Ni17,0
Zr83Pd17,0
Zr83Pt17,0
Zr83Rh17,0
Zr83Ti17,0
Zr84Al16,0
Zr84Be16,0
Zr84Co16,0
Zr84Cu16,0
Zr84Fe16,0
Zr84Ge16,1
Zr84Ni16,0
Zr84Pd16,0
Zr84Pt16,0
Zr84Rh16,0
Zr84Ti16,0
Zr85Al15,0
Zr85Be15,0
Zr85Co15,0
Zr85Cu15,0
Zr85Fe15,0
Zr85Ge15,1
Zr85Ni15,0
Zr85Pd15,0
Zr85Pt15,0
Zr85Rh15,0
Zr85Ti15,0
Zr86Al14,0
Zr86Be14,0
Zr86Co14,0
Zr86Cu14,0
Zr86Fe14,0
Zr86Ge14,1
Zr86Ni14,0
Zr86Pd14,0
Zr86Pt14,0
Zr86Rh14,0
Zr86Ti14,0
Zr87Al13,0
Zr87Be13,0
Zr87Co13,0
Zr87Cu13,0
Zr87Fe13,0
Zr87Ge13,1
Zr87Ni13,0
Zr87Pd13,0
Zr87Pt13,0
Zr87Rh13,0
Zr87Ti13,0
Zr88Al12,0
Zr88Be12,0
Zr88Co12,0
Zr88Cu12,0
Zr88Fe12,0
Zr88Ge12,1
Zr88Ni12,0
Zr88Pd12,0
Zr88Pt12,0
Zr88Rh12,0
Zr88Ti12,0
Zr89Al11,0
Zr89Be11,0
Zr89Co11,0
Zr89Cu11,0
Zr89Fe11,0
Zr89Ge11,0
Zr89Ni11,0
Zr89Pd11,0
Zr89Pt11,0
Zr89Rh11,0
Zr89Ti11,0
Zr9Al91,0
Zr9Be91,0
Zr9Co91,0
Zr9Cu91,0
Zr9Fe91,1
Zr9Ge91,0
Zr9Ni91,0
Zr9Pd91,0
Zr9Pt91,0
Zr9Rh91,0
Zr9Ti91,0
Zr90Al10,0
Zr90Be10,0
Zr90Co10,0
Zr90Cu10,0
Zr90Fe10,0
Zr90Ge10,0
Zr90Ni10,0
Zr90Pd10,0
Zr90Pt10,0
Zr90Rh10,0
Zr90Ti10,0
Zr91Al9,0
Zr91Be9,0
Zr91Co9,0
Zr91Cu9,0
Zr91Fe9,0
Zr91Ge9,0
Zr91Ni9,0
Zr91Pd9,0
Zr91Pt9,0
Zr91Rh9,0
Zr91Ti9,0
Zr92Al8,0
Zr92Be8,0
Zr92Co8,0
Zr92Cu8,0
Zr92Fe8,0
Zr92Ge8,0
Zr92Ni8,0
Zr92Pd8,0
Zr92Pt8,0
Zr92Rh8,0
Zr92Ti8,0
Zr93Al7,0
Zr93Be7,0
Zr93Co7,0
Zr93Cu7,0
Zr93Fe7,0
Zr93Ge7,0
Zr93Ni7,0
Zr93Pd7,0
Zr93Pt7,0
Zr93Rh7,0
Zr93Ti7,0
Zr94Al6,0
Zr94Be6,0
Zr94Co6,0
Zr94Cu6,0
Zr94Fe6,0
Zr94Ge6,0
Zr94Ni6,0
Zr94Pd6,0
Zr94Pt6,0
Zr94Rh6,0
Zr94Ti6,0
Zr95Al5,0
Zr95Be5,0
Zr95Co5,0
Zr95Cu5,0
Zr95Fe5,0
Zr95Ge5,0
Zr95Ni5,0
Zr95Pd5,0
Zr95Pt5,0
Zr95Rh5,0
Zr95Ti5,0
Zr96Al4,0
Zr96Be4,0
Zr96Co4,0
Zr96Cu4,0
Zr96Fe4,0
Zr96Ge4,0
Zr96Ni4,0
Zr96Pd4,0
Zr96Pt4,0
Zr96Rh4,0
Zr96Ti4,0
Zr97Al3,0
Zr97Be3,0
Zr97Co3,0
Zr97Cu3,0
Zr97Fe3,0
Zr97Ge3,0
Zr97Ni3,0
Zr97Pd3,0
Zr97Pt3,0
Zr97Rh3,0
Zr97Ti3,0
Zr98Al2,0
Zr98Be2,0
Zr98Co2,0
Zr98Cu2,0
Zr98Fe2,0
Zr98Ge2,0
Zr98Ni2,0
Zr98Pd2,0
Zr98Pt2,0
Zr98Rh2,0
Zr98Ti2,0
Zr99Al1,0
Zr99Be1,0
Zr99Co1,0
Zr99Cu1,0
Zr99Fe1,0
Zr99Ge1,0
Zr99Ni1,0
Zr99Pd1,0
Zr99Pt1,0
Zr99Rh1,0
Zr99Ti1,0
