composition,Eg (eV)
Hg0.7Cd0.3Te,0.35
CuBr,3.08
LuP,1.30
Cu3SbSe4,0.40
ZnO,3.44
PtSb2,0.08
ZnIn2S4,2.68
K2Cd3Te4,2.26
K4Sn3Ce3S14,2.46
Pb6B2CrO12,1.80
InSb,0.22
Sr2Be2B2O7,8.00
K2CuNbS4,2.82
PrTe2,1.02
BAs,1.46
Ba4Ga4GeSe12,2.18
CuBr,2.94
HgSe,0.07
AgIn5Te8,0.47
Rb7Th2P6Se21,2.07
TlS,1.37
CdS,2.50
Al2Se3,3.10
In2GeTe3,0.68
BiSeBr,1.50
GaAs0.4P0.6,2.10
K2AuPS4,2.63
CsH3Se2O6,4.77
CsB3GeO7,5.76
Pb0.97Sn0.03Te,0.30
PtAs2,0.55
SnGa4S7,3.10
Si3N4,5.10
Gd1.05Sc0.95Se3,1.20
Cs2ZnGe3Se8,2.31
CeO2,3.41
KAgAsS2,2.21
Mn11Si19,0.80
SrTe,3.73
Pb0.97Se0.97Sn0.03Se0.03,0.21
LaCuOS,3.14
AlSb,1.67
Tl2AuPS4,2.20
Cs3Sn3F2Cl7,2.96
Cs1.13Cd1.13Bi2.87Se6,1.00
AgI,3.02
PtSb2,0.11
Hg0.1Zn0.9Te,1.83
TlBiTe3,0.50
CuCl,3.24
Pb0.92Sn0.08Se,0.06
CdSe,1.75
Cu3SbS4,0.75
GaAs,1.46
As2Te3,1.76
SrB6,3.68
GaN,3.25
Cd3As2,0.24
WO3,2.90
EuYb2Se4,1.30
Bi2Te2.4Se0.6,0.25
Ge0.3Si0.7,1.00
CuN3,4.17
CdP4,1.05
MnI2,4.40
InSb,0.24
TmAs,1.18
CdS,2.60
Ga0.3As0.3Zn0.7Se0.7,1.93
Cd4GdB3O10,3.80
Cd3P2,0.54
SmAs,1.03
RbSbS2,2.10
Na5GdMo4O16,3.38
Sr2V2Se3O15,2.96
UP2S7,1.41
GaAs,1.51
TaON,2.80
RbBr,7.65
PdSe2,0.40
Ba3EuP3O12,4.09
RbBr,7.25
SbSeI,1.66
KBiSe2,0.70
Bi0.4Te3Sb1.6,0.21
Na2TeSe3,1.95
Tl2Te3,0.69
Al0.74Gd3Si0.7S7,2.34
CsTbZnTe3,2.12
BaB6,2.64
La5In3S9O3,2.60
PbN6,3.02
GaN,3.24
CaO,6.97
Na2S,2.40
Rb2Cd3Te4,2.30
AgI,2.80
CdSe,1.84
SnSe,1.20
Rb2BaNb2Se11,1.53
TaZrN3,1.72
Ba3In2P4O16,3.87
In0.2P0.2Ga0.8As0.8,1.58
RbTa3Te2O12,3.88
GaTe,1.80
ZnO,3.51
Ag2SnS3,1.43
SnSe,1.30
Ba2GaErTe5,1.15
Na3MoO4Cl,4.69
K2Hg3Sn2S8,2.50
CdSb,0.57
GeSe,1.22
HfS3,2.85
Ga0.9Sb0.9Hg0.1Te0.1,0.65
InSb2S4Cl,1.80
GaS,2.59
PtS,0.80
AgS,0.90
Cs2P2Se8,2.44
Y4GaSbS9,2.06
Zn0.55S0.55Ga0.45P0.45,2.30
Zn0.95S0.95Ga0.05P0.05,2.70
Mg2Sn,0.32
Ga1.002Sb0.998Te0.006,0.70
CsF,10.00
KSbSe2,1.14
Ag3AsSe3,1.98
As2Se3,1.84
LiGaSe2,3.13
NbSe2,1.40
Rb2CsSb,1.50
OsS2,2.00
GeS,1.80
RuAs2,0.80
InSb0.99As0.01,0.35
Ga1.1Sb0.9Se0.3,0.67
Sm2S3,2.96
SiP,2.00
YbB66,1.27
Pb0.9Sn0.1Se,0.08
TlTiPS5,1.30
CsYbMnSe3,1.60
K10Fe4Sn4S17,2.20
Pb0.95Te0.95Ge0.05S0.05,0.40
BaSe,3.58
K4In4P6Se20,2.20
Pb0.94Sn0.06Te,0.28
Bi2Te0.45Se2.55,0.20
KNb3Te2O12,3.52
Cd4P2I3,2.17
Cr2S3,0.90
InSe,1.32
Sr0.5TaO3,3.70
Tb4GaSbS9,2.44
Na3Sb,1.10
B12P2,3.30
Dy2Te3,0.69
TiTlS2,1.00
Bi2S3,1.25
Ba2GaYTe5,1.08
Pb0.99Se0.99Sn0.01Se0.01,0.31
Tl2InGaSe4,2.05
NaLaS3,2.61
CsGe5BO12,4.89
Tl2.35Sb8.65Se14,0.60
SnS0.8Se0.2,1.03
Hg3PS4,2.03
Zn2In2S5,2.95
Cs2ZnGe3Te8,1.07
EuSb4S7,0.98
PbSe,0.17
Na0.75Eu1.625GeSe4,2.00
PbI2,2.36
ZnHg3Se2Cl4,2.23
EuBiW2O9,3.63
CsSb,0.80
Hg2I2,2.37
Rb3CdB5O10,2.34
Hg0.5Cd0.5Se,0.80
TlInSe2,1.44
TaGaSe2,2.17
Ir0.67Se2,0.45
Bi2Se3,0.40
La2Ge2Se7,1.08
Bi12GeO20,3.25
CaSnO3,4.40
Ba2Sb7O14H,2.70
GaS,2.70
Sr3EuP3O12,3.99
Zn0.15Cd0.85Se,2.50
CuCl,3.20
CsLuCoS3,1.50
BiSBr,1.92
CoP2,0.35
NaBr,7.03
Pb0.95Mn0.05Te,0.37
TlBr,2.64
Ba6Ga2SnSe11,1.99
La4Cd4In2S13,2.27
CsAg2AsS3,2.70
HgSe,0.60
MnO2,1.30
SbSI,1.97
CuSbSe2,1.05
Ce2Sn3Se9,0.30
Hg0.7Cd0.3Te,0.27
RuSe2,1.00
Na2Hg3Ge2S8,2.68
Hg4P2ZrCl6,3.22
Cs3Bi,0.55
RbCd4Ga5S12,3.02
GaSb,0.82
Cs4Cu3Bi9S17,0.90
SeTe,1.58
GaTe,1.80
La1.86Tb1.14Ga1.67S7,2.67
ZnSe,2.79
SrPbO3,1.78
Na7Co2O6,0.50
In0.99Al0.01P,1.30
PbSe0.99S0.01,0.26
Bi2Te2Se,0.30
Cu3NbSe4,2.45
Ba4LiGa5Se12,2.65
GaSe,2.00
Ag3SbS3,2.08
Ga0.4Al0.6P,2.40
Tl2Se,0.37
RbInTe3O8,3.90
K2RbSb,1.20
Ga2Te3,1.45
CdIn2Te4,1.28
PbO2,1.45
AgFeTe2,0.30
TlCl,3.56
ZnSe,2.82
Li2WTeO6,4.00
Nd2Se3,1.75
SbSeI,1.91
K3B6O10Cl,6.89
ZrSe3,1.50
Rb5BS4O16,3.99
KCuThS3,2.95
InSb0.3As0.7,0.11
Cu3AsS4,1.24
Pr2Te3,1.30
Eu3Sb4S9,1.20
Ba2V2Te2O11,3.16
Na2In2GeS6,3.17
AlSb,1.50
HgIn2Se4,0.60
Cd4V3Te3O15,2.66
AgAlS2,3.13
Rb2Cu2SnS4,2.08
TlBr,3.01
TlTaS3,0.78
CuGaTe2,1.00
Cu0.35Ga1.65S2.65,2.57
CdBiO2Cl,3.08
Ga2S3,2.85
Si30P16Te8,1.24
Ga1.01Sb0.99Se0.03,0.62
EuHo2Se4,1.80
HgSe,0.10
As2Te3,1.72
GaN,3.40
CuCl,3.28
Zn0.5Hg0.5Se,0.75
Mg3Sb2,0.82
GeSe,1.28
TaGaS2,2.46
Pb0.01Sn0.99Te,0.26
Pb0.8Sn0.2Se,0.08
SmTe,0.32
Ce2GeSe5,1.70
RbBiSe2,0.90
GaAs0.05Sb0.95,1.28
CrSb2,0.16
La2GeSe5,1.24
TlScTe2,0.85
GaS,2.58
CdSb,0.45
Sr2TiO4,3.41
Nb2O5,3.08
In6S7,0.70
Hg4P2HfCl6,3.26
PbSe,0.27
DyN,2.60
CsInTe3O8,3.90
Cu5Ta11O30,2.58
LiB3O5,7.75
LaF3,6.60
AlN,5.90
Zn2In2S5,2.50
K2Sb8Se3,1.31
CaS,6.00
CdSiAs2,1.50
IrP2,1.00
Ba3Bi2TeO9,2.30
As2Te3,1.63
NaNO2,3.02
Cs3As,0.60
CuInS2,1.50
SnS2,2.43
SbI3,2.50
RbI,6.26
PbSe0.5S0.5,0.33
Mn2P2Se6,2.50
Na2CdGe2Se6,2.37
KAg2PS4,3.02
Cu0.5Ga1.5S2.5,2.46
P2Se5,2.20
Na2BaSnS4,3.27
Pb4Ga5GeS12,2.35
CsAg5Te3,0.65
GaSb,0.78
TlBr,2.63
CdS,2.58
TlPTe,0.30
Pb0.94Se0.94Ge0.06Te0.06,0.28
BiI3,1.80
BaZnGeSe4,2.46
SiP2,1.89
Pb7Bi4Se13,0.29
Sr2Bi5.42La2.58S14,1.00
YbSnTe2,0.75
BaPrO3,2.00
CaS,5.38
As2S3,1.89
Dy2O3,5.00
AgGaGe5Se12,2.14
LaBeB3O7,5.65
Ba2GaSmTe5,1.04
Zn0.7S0.7Ga0.3P0.3,2.40
Na2EuGeSe4,2.00
AlSb,1.63
Li6Rb5B11O22,6.53
K9Bi13S24,1.40
MnO,3.60
KBaB5O9,3.65
FeI2,5.15
CdS,2.53
La3LuSe6,1.26
PrF3,5.90
NdIn3S6,1.15
AgS,1.20
NaSbSe2,1.60
Mg2Sn,0.33
NdFMoO4,3.66
CdSb,0.56
Ru2Ge3,0.34
ZnAs,0.90
Bi2YVO8,2.09
LiTaO3,4.10
CsYbCoSe3,0.95
K2Hg3Sn2S8,2.40
PbSe,0.18
Ho2HfS5,1.00
FeSi2,0.90
RbInSnS4,2.70
Ba2NdGaS5,2.12
Ga0.99P0.99Zn0.01Se0.01,2.24
EuLiH3,1.50
AgInSe2,1.04
Pb4Ga5GeSe12,1.91
Ba2InTaO6,4.17
Ca6Bi6O15,3.34
RbCd4Ga5Se12,2.19
Pb0.99Te0.99Ge0.01S0.01,0.32
Tl2Te3,0.20
CdTe,1.50
LiNbO3,4.00
LiInTe2,1.46
PtSb2,0.10
As2S3,2.78
SbSI,1.82
GaN,3.50
As2Te3,1.64
Zr6O,0.18
K6Nb2.97Ta1.03S25,2.01
Cu2MgSiS4,3.20
InAs,0.43
UP2S9,1.41
LiInS2,3.56
Sn3As2,0.47
InP,1.50
NaAsSe2,1.52
Ga0.4As0.4Zn0.6Se0.6,1.80
GaAs0.65Sb0.35,0.68
TaGaSe2,2.23
Mn11Si19,1.00
Mg2Sn,0.22
CdSe,1.80
NaSbTe2,0.47
Pb17O8Cl18,3.44
KH2PO4,7.00
Hg3PS3,1.98
ZnS,3.69
Cu2ZnGeSe4,1.63
Tb2GeS5,2.10
CI4,2.26
ZrS3,2.17
Ag3AsSe3,2.24
KI,6.31
Mg2Sn,0.19
Ce2Te3,1.40
Cs2Bi8.81La1.19S16,1.00
Cs2Ta2P2Se12,2.29
Tl3TaS4,2.18
Rb2Zn3Se4O12,4.90
CuIn3Se5,0.60
Tl2InGaTe4,0.88
Ga0.95Sb0.95Hg0.05Te0.05,0.69
SrZrS3,0.80
Cd4P2Br3,2.19
Ca3Ti2Si3O12,1.65
Bi2Mo2Se2O13,3.15
Cu2ZnSiS4,3.20
BiCuOS,1.07
CdGeAs2,0.61
Ga0.6Al0.4P,2.35
PtSb2,0.05
CsYTe3O8,3.40
Cu3SbS4,1.00
Ba23Ga8Sb2S38,2.84
CdF2,6.00
Nd2YbCuS5,1.35
Ba2HgS5,2.40
AgTe,0.85
ZnSe,2.80
Ag3AsS3,2.24
CuNbO3,2.00
In5Se6,0.14
CdIO4H,4.35
CuGa2S3.5,2.42
Pb0.97Sn0.03Te,0.21
Ba3ThSe7,1.96
Ag3AsS3,2.00
ZnYBiO4,1.58
Hg3Te2UCl6,2.60
PbGa4S7,3.08
MoO3,3.54
ErSe2,1.07
CuTlSe2,1.07
KAsSe2,1.63
SmCuOS,2.90
CsYZnSe3,2.41
LiB3O5,7.78
BiI3,2.03
InSb0.7As0.3,0.16
Bi0.2Te3Sb1.8,0.28
K2FeGe3Se8,1.95
GaS,2.84
Zn0.01Cd0.99Se,2.50
CuBr,3.08
KI,6.25
CuBr,2.91
Bi2Te0.6Se2.4,0.28
AlP,3.62
Bi2Te0.03Se2.97,0.27
RbCu4AsS4,2.15
ZnGeP2,2.34
YPdSb,0.27
GeSe,1.08
Pb0.94Se0.94Sn0.06Se0.06,0.22
LiNbO3,3.90
Sb2Te3,0.19
CdGeP2,1.65
KI,6.28
Hg0.01Cd0.99Se,0.29
MnSb2O4,2.65
Cu0.2Ga1.8S2.8,2.70
Cs2Ba3P4O14,6.31
LiRbCO3,6.28
SnSe,0.88
OsP4,0.60
Sb2Se3,1.20
Pb0.94Sn0.06Se,0.14
Rb4Ge3B6O17,5.42
Eu2Se3,1.02
ZnGeP2,2.20
CdGeAs2,0.41
GaSe,2.02
As2S3,2.35
GeS,1.65
CsBr,7.18
Cs3Bi2I9,1.90
Pb0.995TeGa0.005,0.37
Cd3P2,0.60
In0.9P0.9Ga0.1As0.1,1.32
As2S3,2.74
Na3Sb,1.00
Ca2SnS4,2.32
EuO,1.12
ZrO2,4.99
CsInSn2Se6,1.78
TlCl,3.75
RbGeB3O7,5.58
Cd0.01Te0.01Al0.99Sb0.99,2.21
CsGdZnTe3,2.13
LiGaO2,5.60
Ag2GeTe3,0.07
KTiPO5,3.80
AsI3,2.29
As4S4,2.40
RhSbTe,0.50
NaSbSe2,1.36
GaN,3.47
TlCr5S2Se6,0.75
K2AgIn3Se6,1.64
BaF2,9.10
ZnSnP2,2.10
Ga0.15As0.15Zn0.85Se0.85,2.25
CsGaSnSe4,1.97
Ca10Ge16B6O51,5.47
CdIn,0.60
Ba2InGdTe5,1.36
Rb3Ta2AsS11,2.21
HgIn2Te4,1.25
FeSi2,0.95
RbScSe2O6,4.90
BaIn2Se4,2.63
Ag2O,1.50
GeS,1.58
BaF2,9.21
TlBr,2.65
SrS,4.80
AsSI,2.05
CaTaO2N,2.40
Pb0.999Sn0.001Te,0.18
NaSb,0.82
NaAsSe2,1.46
AgAsS2,2.14
K3Bi2I9,2.10
ErTe,0.90
LiCdBO3,4.28
Na2ZnSn2S6,2.93
Ca2Sn,0.90
GeS2,3.71
Cu2ZnSiSe4,2.33
Sm2Te3,0.70
K3Ta2AsSe11,1.45
K4Nb2S11,2.42
SnGe,0.40
Mg2Sn,0.30
Zn0.43Cd0.57Se,2.80
LaH2NO5,4.76
TlS2,1.80
Bi2Te2.4Se0.6,0.27
Sr3BiP3O12,4.00
ZrSe2,2.00
BaIn2P4O14,3.97
La2NiVO6,0.45
TiO2,3.30
Sn0.5GaZn5.5O8,2.99
CdS,2.58
K2PbGe2S6,2.85
Rb4GeP4Se12,2.00
CsTa3Se2O12,3.88
Hg0.01Zn0.99Te,2.30
Ge0.02Si0.98,1.08
Cd4As2Br3,1.88
PbBiO2Cl,2.45
CuInSe2,0.96
CdSe,1.67
EuBi2Te4,0.44
La4InSbS9,2.07
ZnS,3.78
SbI3,2.12
YbIn3S6,1.31
GaAs,1.52
Ag8GeS6,1.18
Cs4GeP4Se12,2.00
AgN3,3.44
Sm1.82Lu2.18Se6,1.51
Si2Te3,2.03
LaMg2PdH7,1.00
SiAs,1.57
CsErZnSe3,2.56
GaSb,0.70
Pb2Nb2Se4O15,2.79
RbAg5P2S8,2.40
Ba2InYTe5,1.36
LiZnN,1.98
In0.7Al0.3P,1.90
CdSe,1.84
KTa3Te2O12,4.06
KI,6.20
TlSe,0.56
Zn3Sb2,0.11
LuIn3S6,1.27
Hg8As4Bi3Cl13,2.43
AgN3,3.90
PbI2,2.53
Na2Hg3Sn2S8,2.45
AgTlTe2,0.10
Pb3BiV3O12,2.50
K2Nd2Ti3O10,3.25
Pb0.99Sn0.01Te,0.23
Zn3As2,1.10
Na2Hg3S2.51Se1.49,2.03
BaIr2Ge4S6,1.54
Ba3GeS5,3.00
HgSe,0.32
EuSe,3.10
Tl4GaIn3S8,2.63
CaO,7.09
Li2B4O7,7.30
KI,6.17
K3CdB5O10,3.47
KSbS2,1.60
RbBr,7.20
Hg0.2Cd0.8Se,0.45
Pb0.85Sn0.15Se,0.14
Bi2Te2SO10,3.60
Hg0.06Zn0.94Te,2.12
ZnSe,2.82
KSm2CuS4,2.17
MgO,7.78
SnS0.25Se0.75,0.94
Rb9Bi13S24,1.30
La20Mo12O63Cl4,2.40
Bi3TeBO9,2.60
AgInSe2,1.18
Li2HgGeS4,2.46
In2Se3,1.20
PtSb2,0.08
FeAsS,0.40
Bi2O2CO3,3.42
Ge0.774Si0.226,1.50
Cu2CdGeS4,2.05
Ba2V4Te3O18,2.64
CuP2,1.40
Pb0.999Sn0.001Te,0.32
TlInSe2,1.21
Mg2Sn,0.36
K2AuI5O15,2.65
CuI,3.10
NbIrSn,0.28
Pb0.85Sn0.15Te,0.13
CdIn30Te46,1.17
CoPS,0.40
CsLaHgSe3,2.51
La6Sb4S3O12,2.60
Hg0.14Zn0.86Te,1.73
As2Se3,1.85
InP,1.34
TlPS2,1.70
Bi3Se2NO11,3.59
Pb0.65Se0.65Sn0.35Te0.35,0.09
FeSi2,0.88
GaAs0.2Sb0.8,1.02
In2Se3,1.25
Ni2Te3O8,3.84
LiSbTe2,0.13
Sr4V2Se6O21,2.66
LiBiS2,0.18
Hg7.5As4Cl6,1.73
KH2PO4,6.95
RbCdB3O6,4.20
Rb3Ag9P4S16,2.60
KZn4B3O9,2.32
AlP,3.00
CaS,5.40
InAs,0.42
Sr8Ga16Ge30,0.05
BiSBr,1.88
In2P3B1O12,5.39
InSe,1.34
Cs2PdSe8,1.50
Sb8O11I2,2.72
Ga0.01Sb0.01Zn0.99Te0.99,2.10
ScPdSb,0.23
Bi2Se3,0.35
RbCd4Ga5Te12,1.64
CuGaS2,2.40
InP,1.42
Ba3Nb2Se9,1.30
GaAs,1.52
Pb0.9Mn0.1Te,0.49
As2S3,2.23
Rb2GeB4O9,5.54
InSb0.1As0.9,0.14
CdSnAs2,0.30
CdS,2.60
Tl2SeAs2Te3,0.67
LiSm3SiS7,2.83
Pb0.9Se0.9Bi0.2Te0.3,0.25
GaSb,0.81
Pt0.97S2,0.95
ThOTe,1.45
CdSb,0.43
ZnO,3.48
CsInSnS4,2.90
CdTe,1.61
PbGa2S4,2.38
PbTe,0.22
Pb0.99Se0.99Ge0.01Te0.01,0.23
Cs2ZnGe3S8,3.33
CuCl,3.22
Zn2MoSeO7,4.20
Pb0.01Sn0.99Te,0.30
Ga2Se3,2.30
Tb4Al2O9,4.59
Li2HgGe,0.93
CsAu,2.30
In0.5Al0.5P,2.40
PtS,0.38
Ba2SmTaO6,3.02
CeBiW2O9,2.34
Bi9O7.5S6,1.27
SbTeI,1.28
Rb2Cd3B16O28,4.76
K2Ta15O32,0.33
CdSe,1.87
Hg0.14Zn0.86Te,1.66
CdSb,0.54
Li2ZnSnS4,2.87
EuYb2S4,1.60
Rb2CuNbSe4,2.19
ZnTe,2.18
CsB3O5,7.42
SrTiO3,3.15
Pb0.9Ge0.1Te,0.35
Cu2Se,1.23
EuBi2Se4,1.02
Rb3Nb2AsSe11,1.50
KTi2F7,6.40
TlSbS2,1.92
Mn11Si19,0.50
TlSe,0.70
Cd4LuB3O10,3.70
VO2,0.12
Cu0.8Ga1.2Se2.2,1.58
CdIn2Se4,1.72
Bi38ZnO58,2.88
KI,5.61
Na2Hg3Si2S8,2.86
GaS,2.60
RhSSe,0.70
SrPr2S4,2.70
CsAsSe2,1.86
GaAs0.86Sb0.14,0.66
PrFMoO4,3.64
Ge0.9355Si0.0645,1.04
PtAs2,0.50
CsYCdSe3,2.54
Cd4As2I3,1.89
AgInSe2,1.15
Ga0.4Al0.6As,2.30
Sc2S3,2.00
Zn0.85Hg0.15Se,1.80
CdIn2Te4,0.90
HgO,2.21
Zn0.01S0.01Ga0.99P0.99,2.25
Sb2S3,1.70
Tb2Mo3O12,1.60
GaSe,1.93
TaGaSe2,1.65
HfSe2,2.20
Ag2GeSe3,0.91
Rb3Bi2I9,2.10
CuInTe2,1.06
Cd0.55Te0.55Al0.45Sb0.45,1.93
AlSb,1.65
Hg2Cl2,2.84
Ag4Ba6Sn4S16,2.37
Nd2Te3,1.12
Ba2GaGdTe5,1.12
Mn3Ta2O8,1.89
RuSb2,0.30
Cs3Sb,1.60
Li2GaGe2Se6,2.64
GaSe,1.98
Gd2Se3,2.20
Rb2Cu2Sn2S6,1.44
LiI,5.62
Eu3S4,1.70
ZnSe,2.87
RbBr,7.70
AlP,3.10
BaHgS2,1.93
BaB2O4,6.43
Li9Ga13Te21O66,4.45
BiSb0.15,0.02
Ag0.1Cd0.8In2.1Te4,0.29
In2As2O5Cl2,4.62
CdTlS2,1.50
Cd3As2,0.14
InSb,0.25
Eu2O3,4.50
TlInS2,2.30
Na2PtI6O18,2.40
K6Nb1.07Ta2.93S22,1.88
OsSbTe,0.05
AlSb,1.62
SnS,1.42
Ag2O,1.59
InN,2.10
YVTeO10,2.20
PtSb2,0.11
Bi1.4Te3Sb0.6,0.17
KPbPO4,4.44
SiSe2,1.74
Na2Zn3Se4O12,4.90
PbTe0.05Se0.95,0.26
In4Te3,0.55
CsBiS2,1.40
Ba4CuInSe6,2.23
SrSnO3,4.10
VO2,0.50
Tl3VS4,1.97
CuCl,3.27
Na2Be4B4O11,7.30
Ce2S3,1.12
RhP2,1.00
Ga0.99As0.99Zn0.01Se0.01,1.39
Cd3As2,0.64
CuI,2.80
Sb2Se3,1.30
Ce2Ge2Se7,1.10
ZnAs2,0.91
NaBiS2,0.38
ZnO,3.46
Hg0.25Zn0.75Te,1.37
As2Te3,1.75
Eu7Ga6Sb8,0.60
ZnS,3.74
SmBiW2O9,3.39
CrSi2,1.30
PbS,0.41
Ga0.99Sb0.99Hg0.01Te0.01,0.72
YPtSb,0.16
ZnSe,2.71
OsSbS,1.20
CdS,2.44
Sb2S3,1.92
K4GeP4Se12,2.00
AgBiSe2,0.34
CsInS2,3.40
In0.3As0.3Ga0.7P0.7,2.05
NaAsSe2,1.75
TlCl,3.47
Cs2AgBiCl6,2.77
CdSnP2,1.50
CuGaS2,2.53
Ba2GaBiTe5,1.43
Ca3B2N4,4.10
BaUSe3,1.00
Sb2Se3,1.40
SmIn3S6,1.18
ZnIn2S4,2.80
Cu0.5Pb1.75GeS4,1.48
ZnTe,2.26
PAs,0.23
FeAsSe,0.60
Sb2O3,3.31
KInGeS4,3.10
Ba2SnSe5,1.80
ZrS3,2.28
Mn15Si26,0.70
Pb0.94Se0.94Sn0.06Se0.06,0.19
Hg0.9Cd0.1Se,1.30
HoN,1.90
Zn3Sb2,0.20
Cu0.2Ga1.8Se2.8,1.86
Rb2CdP2Se6,2.58
Pb0.92Se0.92Sn0.08Te0.08,0.22
Ag3SbS3,1.81
Cs2Hg4.65Cd1.35S7,1.84
TiSe2,1.55
In0.7P0.7Ga0.3As0.3,1.58
SnI2,2.40
GaS,2.58
Bi2Te1.5Se1.5,0.29
Pb0.85Se0.85Ge0.15S0.15,0.34
NaI,5.80
OsP2,1.13
CdSiP2,1.80
Na2In4SSe6,1.92
CuAlSe2,2.70
Cu3YbS3,1.56
RbSbTe2,0.38
Pb3BiP3O12,3.70
Ce8Sb2S15,1.99
Ba2Ca2B4O10,5.60
ZnSb,1.11
K2AgVS4,1.85
BaCuSbSe3,1.60
GaHSeO4,5.51
GaSe,2.15
Ga0.75As0.75Zn0.25Se0.25,1.51
ZnS,3.73
RbBiSe2,0.92
GeSe2,2.38
Cu0.4Ga1.6S2.6,2.45
ZnTe,2.37
ZnTe,2.34
Cs3Nb9Te4O32,3.22
Cd5Ga2S2Te6,1.29
AgSbS2,1.90
In0.01P0.01Ga0.99As0.99,1.43
BiCuOSe,0.82
Cu4Sn7S16,0.80
ZnTe,2.20
Ce1.3Lu0.7S3,1.25
InP,1.35
LiGaS2,3.76
Ag2.7Ba6Sn4.3S16,1.58
Sm2YbCuS5,1.28
Pb0.85Sn0.15Se,0.13
K2Hg3Ge2S8,2.64
CsScSe2O6,5.20
CdTe,1.44
GaN,3.21
La2HfS5,0.70
PbSe,0.22
Ba2B4O9H2,5.12
ZrSe3,1.60
Cu2Se,1.50
CdGa2Se4,2.75
InN,2.40
AgAsS2,2.26
SnS0.01Se0.99,0.89
Mg3Sb2,0.80
ZrC,0.60
NaI,6.75
CdSnP2,1.17
PtS,0.64
TaGaS2,2.45
CsBiS2,1.39
ZnSe,2.69
Sr2ScSbO6,3.57
CdGa2S4,3.44
KBiSe2,0.67
HgTe,0.18
La3FMo4O16,3.70
TlN3,3.58
Sb2Se3,1.13
VO2,0.40
Cs4Th2P6S18,2.80
Mg2Si,2.27
CsSbTe2,0.43
Ga0.6In0.4As,0.81
In0.99As0.99Cd0.01Te0.01,0.76
Ga0.5In0.5As,0.75
PbSe,0.29
RbBi3Se5,0.48
TbIn3S6,1.20
PbCoO3,0.28
KSbSe2,1.72
RbH2I3O9,4.07
EuN,1.25
CuAlTe2,2.06
Bi2Te0.3Se2.7,0.24
La2Se3,1.97
Tl3VS4,1.70
Na2Ti3O7,3.51
Pb0.995TeIn0.005,0.43
CdSe,1.85
In0.9As0.9Ga0.1P0.1,0.45
RbCaBO3,3.67
CuInS2,1.57
ZnO,3.20
Cu0.5Ga1.5Se2.5,1.76
KGaSe2,2.60
KIO3,3.83
Ga0.9Sb0.9Zn0.1Te0.1,1.00
PdTe2,1.80
Zn3B2O6,2.60
CuGaSe2,1.71
RbNb3Te2O12,3.49
Tl2S,1.00
ZnS,3.68
CdAs2,1.00
LiGaSe2,3.57
CdSe,1.86
GaTc,1.42
CdIn2S4,2.70
GaAs,1.52
AlSb,1.52
Pb0.85Sn0.15Te,0.15
Pb0.77Sn0.23Te,0.04
CdSiP2,2.20
K2Se,1.80
SbSI,1.93
In6Se7,0.34
Sb2Se3,1.15
InP,1.42
GaAs0.8P0.2,1.62
Bi24BO39,2.91
Cu2MgGeS4,2.36
BaGa2GeS6,3.26
K10Co4Sn4S17,1.31
PbS,0.31
K2.15Pb1.7Sb8.15Se15,0.60
Hg6.5As4CdCl6,2.05
PbS,0.38
CdS,2.66
CsAsSe2,2.00
TlCr5S5Se3,0.89
AgSbTe2,0.48
NaInTe2O6,4.00
CdS,2.58
Pb3Cl4TeO3,3.79
Na0.5Pb1.75GeS4,2.08
LiAsS2,1.60
Cs4Ag9Sb4S12,2.00
CuGa3Se5,1.89
RuP2,1.00
InSb,0.22
ZnO,3.26
AgGaS2,2.64
CaI2,5.98
GaAs0.99P0.01,1.37
PbTe,0.22
Nd2O3,4.40
GeO2,5.54
Hg0.77Cd0.23Te,0.21
RbPbPO4,4.35
Li2MoTeO6,3.50
CuIn3Te5,1.01
LiGd5P2O13,3.73
AgS,1.34
Li2HgSiS4,2.68
InN,2.21
CdSb,0.53
EuTb2Se4,2.00
As2S3,2.60
GaSe,2.07
CdGa2Se4,2.41
CdSiAs2,1.51
KBiCu2S3,1.29
PbSe,0.28
ZnIn2Se4,1.95
InSe,1.29
In2Bi3Se7I,1.38
SbSBr,2.22
Pb0.99TeIn0.01,0.53
K2MnSnSe4,1.70
IrSe2,0.90
VFeSb,0.46
LaGaS3,2.50
CsBi2,0.55
PbSnS3,0.90
GeSe,1.38
CaTe,4.30
ZnIn2Se4,2.05
RbNbSe2O7,4.10
HgIn2Te4,1.17
CdS0.55Se0.45,2.05
K2S,2.10
Zn0.99Hg0.01Se,2.60
Tl4CdI6,2.80
Cu0.1In1.9Se2.9,1.45
PbTe,0.33
BaSe,3.70
HgBr2,3.59
Cd3P2,0.53
Ga1.1Sb0.9Te0.3,0.70
Ag2O,1.60
Cd3Sb2,0.30
CsTm9Cd4Se18,2.16
Bi2Te0.4Se2.6,0.70
EuTe,2.06
NaYTe4O10,3.90
K2La2Ti3O10,3.05
Pb0.99Ge0.01Se,0.27
TlInTe2,0.62
Pb0.9Se0.9Ge0.1S0.1,0.32
K2Mo2Se2O11,3.30
ZnIn2S4,2.60
PbBr2,3.31
As2S5,2.48
LaCuOSe,2.83
NaH3Se2O6,4.90
IrSSe,1.20
GaAs,1.43
GeS,1.68
MgO,7.70
SbSI,1.95
GaN,3.50
Cu2ZnSiTe4,1.47
OsAs2,0.92
CdTeO3,3.91
Pb0.85Sn0.15Te,0.23
KIO3,4.02
Hg4As2UCl6,1.90
RhS3,1.50
AgNb2PS10,1.78
ZnS,3.56
Sm3S3BO3,2.50
GdScS3,2.10
In6S7,0.89
EuIn2Se4,1.31
Cs2AgBiBr6,2.19
Pb0.9Sn0.1Se,0.17
PbS,0.39
LiGaTe2,2.31
CdSiP2,2.40
OsSb2,0.21
CeTaN2O,1.90
Ag3AsS3,2.03
Ce4InSbSe9,1.69
CdS,2.66
YN,1.90
CdSnP2,1.16
TbClWO4,4.24
CdIn2Se4,1.30
LiAsSe2,1.10
RbCl,8.50
ZnAs2,0.92
CoSb2,0.20
SnS0.99Se0.01,1.11
BaPdI4O12,1.97
Fe2O3,2.20
Hg0.2Zn0.8Te,1.40
Ge0.88Si0.12,0.84
GaSe,2.10
NaSbP2S6,2.17
K2Ge3B2O10,5.38
Bi2S3,1.40
Pr2GeSe5,1.80
SrTiO3,3.40
Ag3SbS3,2.02
As2S3,3.00
As2S3,2.06
Rb2CuVS4,1.85
Rb4Mo5P2O22,3.51
InAs,0.43
Ag3SbS3,2.33
K2CuVS4,1.82
GaAs,1.52
Cu3TbSe3,0.16
Sm2Se3,2.30
AgInS2,1.90
Cs4Cu3Bi9S17,0.60
LiB3O5,8.00
Bi2V2Se4O16,2.20
Mg2GeSe4,2.02
CdIn2Se4,2.00
In0.99P0.99Ga0.01As0.01,1.30
CdS,2.59
NaBr,7.26
CdGeAs2,0.65
OsSb2,0.20
GaAs0.01Sb0.99,1.37
BiBr3,2.66
Ga0.99Al0.01P,2.27
CdSb,0.46
ReSe2,1.15
EuS,1.65
Pb2BO3Cl,3.99
Pb0.96TeIn0.04,0.37
CsInSe2,2.81
In0.6As0.6Ga0.4P0.4,1.25
Ga0.5As0.5Zn0.5Se0.5,1.52
Na2CsSb,0.80
TlInS2,2.20
ZnIn2Te4,1.87
Ag3AsSe3,2.20
K10Co4Sn4S17,1.80
OsPS,1.40
CuGa1.6In0.4S3.5,2.15
Cu3SmS3,1.82
ZnGeAs2,1.10
InSb0.01As0.99,0.17
Gd2Mo3O12,4.18
PbBr2,3.50
Ba2BiInS5,1.55
BiFeSe3O9,2.54
Cu2CdSnSe4,0.96
Li3ScN2,2.90
InBi2Se4Br,1.21
GeS2,3.54
Pb0.999TeIn0.001,0.30
CuSbS2,1.38
CaO,7.03
LiMoIO6,2.80
Hg0.9Cd0.1Se,1.32
Pb0.8Ge0.2Se,0.35
TlSbS2,1.42
Cs2Hg3I8,2.56
Ba2InSmSe5,2.22
SbSeBr,1.87
K2Al2B2O7,6.89
PbTe,0.21
CuInS2,1.54
AlSb,1.32
Zn0.9S0.9Ga0.1P0.1,2.80
Ag2O,1.40
Sb2Te3,0.30
CsHgInS3,2.30
Ge0.542Si0.458,2.24
CuInTe2,0.89
HgGa2Se4,1.95
Sr3Ti2O7,3.26
RuTe2,0.25
CdTe,1.53
CuInGeSe4,1.30
GeTe2,0.30
Zn3V2TeO10,2.96
Zn3As2,0.51
K2Hg3S1.03Se2.97,2.11
NaSbP2S6,2.25
InSb,0.24
YNiSb,0.18
NaAsSe2,1.57
PbI2,2.41
As2S3,2.10
RbMn4Ga5Te12,1.53
Cs2Hg5.75Cd0.25S7,1.66
NiO,4.00
CsI,6.40
Se2B2O7,4.64
Cd3P2,0.50
SiTe2,1.85
Cs2PdP2Se6,1.60
Cu2SnSe3,0.70
LaCuOTe,2.31
BaSi2,1.30
K2CeP2O8,2.46
GaAs0.6P0.4,1.91
Li2HgSnS4,2.32
NaCl,8.50
CdIn2S4,2.30
Pb0.95Ge0.05Te,0.34
InN,2.09
KI,5.92
As2Te3,1.62
BSb,2.60
CrO3,1.40
CsBiSe2,1.07
Mg3As2,2.20
CsCu2SbS3,1.63
AsI3,2.47
Hg2Cl2,3.80
Bi2Cu0.96Se3I,0.68
CdS0.01Se0.99,1.68
NaAsSe2,1.56
TlSe,0.96
Rb4Ag9Sb4S12,2.00
AgIn9Te14,1.50
Ba2SnSe4,1.90
SnS,1.26
BiOCl,3.46
ZnO,3.44
TiNiSb,0.42
ZnS,3.67
Cu0.01Ga1.99Se2.99,1.99
Cu0.5In1.5Se2.5,1.24
Na8Al8Si38,0.64
AgI,2.92
Cu0.3Ga1.7S2.7,2.60
Ge2Sb2Te5,0.50
CsPbPO4,4.39
KH3Se2O6,4.90
PdPAs,0.45
K2Sm2Ti3O10,3.26
Sn2WO5,2.60
Pb0.95Se0.95Sn0.05Se0.05,0.19
Ga2O3,4.40
SnSe2,1.62
Ga2O3,4.54
RbBiS2,1.20
NdB6,4.90
GaAs0.5P0.5,2.00
CsZn4In5Te12,1.61
NiP2,0.30
CsYbMnSe3,1.59
Ba4AgGa5S12,2.52
KInS2,3.00
Ag2HgI4,2.47
K10Zn4Sn4S17,3.10
Gd1.87Lu2.13Se6,1.56
Cs2SnP2Se6,2.06
PdPS,1.40
HgPS3,2.60
AgInSe2,1.20
CoTe1.88,0.20
SrIr4In2Ge4,0.25
NaSbF6,3.76
CdIn8Te13,1.02
Cu3GdTe3,0.52
RbI,6.26
Cu0.99In1.01Se2.01,1.08
In0.5Ga0.5P,1.90
Ge0.9Si0.1,0.80
EuO,1.12
TlGaSe2,1.65
NaCl,8.40
In4Se3,0.64
CsErZnSe3,2.63
InSe,1.30
NaGaGe3Se8,2.35
Bi3F3I4O13,3.70
Pb0.94Sn0.06Se,0.22
SnSe,0.90
Cu3HoSe3,0.16
RbInGeS4,3.10
Cu2Se,1.10
AgF,2.80
KSbSe2,1.65
Cu2Ga4Te7,1.18
Sm2Sc3,2.30
ZnO,3.25
CdSnAs2,0.41
Cd4As2I3,2.30
WSe2,1.35
Ba3B1.5S6Bi0.5,2.43
Hg2Br2,2.60
CdSb,0.42
GaN,3.48
BaSnO3,3.10
Cs8Ga8Si38,1.14
Ca5B3O9F,6.53
BiOI,1.89
PrO,0.55
In6Se7,0.86
SnS0.01Se0.99,0.95
TlBr,3.12
Hg6As4CdBr6,1.89
YB66,0.80
Bi3Ge3O10.5,3.30
CrO2,0.23
Pb0.98Se0.98Bi0.04Te0.06,0.28
Cs3Bi,0.70
V2O5,2.32
GdB6,3.60
La2S3,2.77
Zn3As2,0.93
Li4.5Mn0.5TeO6,1.97
Rb2Te,4.50
InSb0.4As0.6,0.10
Ce3MoO7,2.00
Pd3P2S8,2.12
BaTiO3,3.10
Cs2TiAg2S4,2.44
InP,1.42
Ga0.1As0.1Zn0.9Se0.9,2.34
Zn3As2,0.96
Ag0.4Cd0.2In2.4Te4,0.42
PbS,0.44
Y3GaS6,2.88
Sc2O3,6.20
Y6ZnSi2S14,2.38
Tl2Cu2SnS4,1.40
Ba3MgTa2O9,4.28
Na3ZnB5O10,3.20
LiBiS2,0.19
GaAs,1.51
KNbSe2O7,4.00
NiP2,0.73
ZnO,3.42
GaSe,2.12
CdGeAs2,1.10
InS,2.07
Nd2S3,2.65
HfO2,5.55
Rb2TiAg2S4,2.33
AgInSe2,1.24
La3InGe0.5S7,2.61
Ba2InYSe5,2.31
Pb0.8Se0.8Bi0.4Te0.6,0.22
Pb6Sb6Se17,0.80
Ba2GaBiSe5,2.21
GaSe,2.10
As2S3,2.80
As2S3,2.57
CdSe,1.87
K2Cu2Sn2Se6,1.04
ErN,3.00
As2Se3,1.70
TlCuCl3,2.98
Er2Mo3O12,0.96
Ba4Ge3Se9Cl2,1.89
CuPbBiSe3,0.07
Eu3As2,0.60
HgCl2,4.45
SrO,5.77
Zn3As2,1.00
TlSe,0.80
AgInO2,4.20
BaPdSe6,2.15
AgS,1.30
Cu3HoTe3,0.26
ZnTe,2.37
SbI3,2.49
K4Ba2Nb4S22,1.77
SnSi,0.59
CoSbS,0.11
InAs,0.41
Pb0.999TeTl0.001,0.30
Ge40.0Te5.3I8,0.80
AlSb,1.68
Ag3AsSe3,2.18
Cs2Cd3Te4,2.48
PdI2O6,1.31
Ba3BSbS6,2.62
Ba2GaNdSe5,2.18
ZnGeP2,2.00
K2CuGa3Se6,1.72
CdSiAs2,1.62
NaBiSe2,0.35
Bi2Te2.1Se0.9,0.29
Ta0.67Zr1.33O1.38N1.97,2.31
Cd8B5O15F,3.14
As2Te3,1.59
Hg0.08Zn0.92Te,1.90
TlHgInS3,1.74
KTiPO5,3.54
RbI,6.25
GaS,2.59
EuIn2Te4,1.22
As2S3,2.37
Tb2O3,3.00
LiGaS2,4.15
K2TiCu2S4,2.04
KAu5PS8,2.14
GaAs,1.51
Tl4Ta2S11,1.26
Er3SmSe6,2.00
Pb0.6Ge0.4Te,0.51
ZnS,3.70
CrTe2,0.17
CuCl,3.20
PbS,0.28
Bi2O3,2.86
Cu0.9Ga1.1Se2.1,1.59
CuFeTe2,0.16
NdF3,6.15
Pb0.85Se0.85Sn0.15Se0.15,0.22
Hg0.4Cd0.6Se,0.70
AgAsTe2,0.80
SbSi,1.90
GaAs,1.51
Hg4As2CdI4,1.45
Cu0.9In1.1Se2.1,1.06
Cs4BiAs3Se7,1.02
SrMgSnSe4,2.00
Pb2BO4H,3.76
K4Nb2S11,1.96
LiAsSe2,1.11
K2Sn3Sb2S10,2.30
NaSbS2,1.48
CuCl,3.28
LiCa3As2H,1.40
PbO2,1.40
Pb0.8Sn0.2Se,0.06
La2Se3,1.65
ZnO,3.45
CdS,2.42
GeSn,0.80
Bi1.6Te3Sb0.4,0.16
GdN,1.54
AgInS2,2.00
Lu2CrS4,1.75
MnF2,9.90
CuGa2Se4,0.63
La8Sb2S15,2.30
Zn3Sb2,0.22
NaCl,8.60
Ag5IO6,1.40
UY4O3S5,1.95
Ta0.67Zr1.33O0.42N2.61,1.93
InSe,1.26
GeS,1.69
Tl2GeTe3,0.37
ZnGeP2,2.10
Zn2LiGaO4,4.00
BiIO3F2,3.97
TlSbTe3,0.38
Ba3B1.5S6Sb0.5,3.01
GeSe2O6,5.31
Pb0.87Sn0.13Se,0.02
Cu3AsSe4,0.65
AgTe,0.73
Cd3Bi2,0.20
RbBi3Se4Te,0.80
DyAs,1.00
Bi25TiO39,3.10
Rb2TeBr6,2.14
In2Se,0.69
GeAs,1.45
YVSeO10,2.70
InSb,0.24
KCu4AsS4,1.90
K2ZnSn3S8,2.30
B2O3,4.90
As2S3,2.21
PdS2,0.75
GaS,2.59
AgScO2,3.80
ZnIn2S4,2.86
CdSiP2,2.16
CdGeAs2,0.53
Gd2Mo3O12,4.06
PbS,0.42
AgGaTe2,1.10
ScTiNbO6,3.58
La3Sb0.33SiS7,1.92
Cd4Sb2I3,1.83
Ga2GeTe3,0.85
Pb0.99Sn0.01Se,0.16
GaAs0.15Sb0.85,1.10
LiInS2,3.57
Cu0.7In1.3Se2.3,1.10
PbSe,0.15
Ga0.95Sb0.95Cd0.05Te0.05,0.74
Cu0.3In1.7Se2.7,1.21
Cu0.15Ga1.85Se2.85,1.92
GeO2,5.56
CsYHgSe3,2.54
Pr2Se3,1.80
SiSe2,1.72
Pb2N2SeO9,3.76
Pb0.94Sn0.06Se,0.17
Tl2BiP2S7,1.80
SnS0.4Se0.6,0.98
GeS,1.74
Pb0.999Se0.999Sn0.001Se0.001,0.32
In2Se2O7,2.97
NH6PO4,6.81
In2Se3,1.00
SiSe2,1.73
NaInSnS4,2.40
Cs2TeBr6,2.12
K0.6Cs0.4PSe6,2.10
Ca2Ge,1.00
Ba2ZnTe3,2.10
Zn2In2S5,2.70
CuGaO2,1.47
Ni2InVO6,1.92
PrB6,4.90
Rb2Mo3Se3O16,3.10
CdS,2.43
RbInS2,3.30
Ga1.001Sb0.999Se0.003,0.71
BaGa4S7,3.54
CuIn3Te5,1.20
LiMgAs,0.70
InSb,0.18
Ba2ZnV2O8,3.48
TlSe,0.57
Bi2SI2O11,3.74
Pb0.99Ge0.01Te,0.32
ZrSe3,1.25
ZnTe,2.26
ZnSb,1.05
Rb2AgPS4,2.60
BaCu2SnSe4,0.48
BiPO4,3.85
Na2Se,2.00
InAs,0.35
La4FeSb2S10,1.00
GdSb2BO8,3.48
SbSeI,1.68
SiSn,0.59
Ba2Ga8SiS16,3.40
PbS,0.37
RbI,6.37
Cu3AsS4,1.48
Ag3SbS3,2.10
K2Cu2Sn2S6,1.47
Sb2Te3,0.35
Zn0.8Hg0.2Se,1.40
EuO,1.12
Ag2V2I4O16,2.24
GaAs0.1P0.9G1128,1.22
HgO,2.48
NaNb2PS10,1.72
CuGa3Se5,1.75
Zn2MoTeO7,4.10
TlInS2,2.25
ScTa2O5N,2.67
AgInS2,1.88
CdAs2,1.13
Ag0.25Cd0.5In2.25Te4,0.39
In6S7,0.95
TbSb2BO8,3.53
TlPrSe2,1.18
BaGa2SnSe6,1.60
GeSe2,2.30
ZnO,3.44
ZnTe,2.10
In2Se3,1.38
Ag2SnSe3,0.84
AgGaSe2,1.30
CdSnAs2,0.31
InSb0.5As0.5,0.10
B4C,1.64
GdH2NO5,4.84
Cu2GeSe3,0.85
TlCl,3.23
GaAs0.7Sb0.3,0.67
PbI2,2.55
ZnO,3.44
GaN,3.48
PdO,0.80
Tl2TeS3,1.60
AgFeTe2,0.58
GeS2,3.43
ZnS,3.82
CaPr2S4,2.90
Hg0.1Cd0.9Se,0.35
InP,1.42
InSb,0.23
Ba2BiGaS5,2.38
Cd3As2,0.19
Bi24VO41,3.25
V2O4,0.66
SnS,1.30
Pr1.29Lu0.71S3,1.38
AgAsSe2,1.40
TlInSe2,1.10
InAs,0.33
TaGaSe2,2.12
AlN,6.03
Sr8.007Ge2.043Bi7.949Se24,0.74
Zr3O,0.20
In0.4As0.4Ga0.6P0.6,1.85
TlCr5S8,1.01
Cu3TbTe3,0.46
Na2CdGe2S6,2.57
La2Ga2GeS8,2.78
CsLuCoS3,1.18
La2MoO5,0.49
Ba7B3O9F5,4.94
Ag2GeSe3,0.90
In2Se,0.65
Ge0.4Si0.6,0.94
CdIn2Te4,1.17
BaTaO2N,1.78
SnS0.25Se0.75,0.99
Ag3AsS3,1.98
Ge0.838Si0.162,1.32
DyPO4,6.38
HoIn3S6,1.23
Ag2S,1.23
PbTe,0.36
Hg0.99Cd0.01Se,1.72
PbTe0.99Se0.01,0.30
GaBi,0.10
PrTe2,1.29
CsInGeSe4,2.32
ZnSe,2.82
RbNb4Br11,0.46
CuP2,1.45
SnSe,0.95
PbSe0.95S0.05,0.26
CsI,6.37
K3Ti2P5S18,1.61
Ba3FeS4Br,1.65
CdP4,1.15
PrIn3S6,1.14
SiAs2,0.88
ZnIn2Te4,1.80
Eu3Sb4Se9,1.08
MgGeN2,4.20
Ca4Bi6O13,2.76
PrCuOS,3.03
Cu0.05Ga1.95S2.95,2.64
H6PtI6O20,2.12
TlBr,3.30
Hg0.77Cd0.23Te,0.12
PbTe,0.30
Cu2WSe4,1.65
SnTe,0.30
Li2In2SiSe6,2.54
In0.3P0.3Ga0.7As0.7,1.67
GaAs0.2P0.8,2.20
RbCd4In5Se12,1.57
Sm3Te4,0.51
YbSb4Te7,0.22
CsLiB6O10,6.89
DyN,2.10
Li6Mo6Se6O33,3.30
Zn0.85S0.85Ga0.15P0.15,2.40
K8Ce2I18O53,2.34
Rb3Al3Ge7S20,3.10
Ba3Er2P4S16,3.30
Li2ZnGeSe4,1.86
K2Te,1.90
CaO,6.93
PbBiO2Br,2.30
Tl2GeTe3,0.36
Bi12TiO20,3.09
WSe2,1.57
PrLuSe3,1.56
BP,4.20
KSb5S8,1.82
Ga1.02Sb0.98Te0.06,0.68
VO2,0.66
GdTe,1.30
Pb0.59Ge0.41Te,0.49
ZnSe,2.83
CuZn2InTe4,1.05
Cs2Al2B2O7,4.13
Ba8Hg4S5Se7,1.98
GaAs,1.44
Pb0.9Se0.9Sn0.1Se0.1,0.24
CdSb,0.47
La2O2ZnSe2,3.40
AgFeSe2,0.23
CuBr,3.07
GaSe,2.12
TlPSe2,0.50
In0.97As0.97Cd0.03Te0.03,0.71
WO3,2.70
Hg2Cl2,3.50
GaAs,1.51
Sb2S3,1.69
K2Ag3Sb3S7,2.20
AgGaS2,2.73
InS,2.45
Bi1.98Te3Sb0.02,0.14
K2ReH9,5.71
TlPSe2,0.60
AgGaSe2,1.66
Eu3Se4,0.58
Ge0.999Si0.001,0.65
Hg2Cu3Te6O16,2.56
Ag8SnSe6,0.71
MgO,7.67
Bi2AsO4Cl,3.43
Cs2TeI6,1.50
Ag2GeS3,1.98
ZnSnAs2,0.90
Cd4YB3O10,3.78
LiZnBO3,3.10
OsP4,0.40
AgSbS2,1.88
TiTe2,1.00
Pb2SbS2I3,2.00
Cs3Bi2Br9,2.50
La3Mg0.5SnS14,1.71
ZnIn2S4,2.85
CdS,2.60
TlBiTe2,0.12
Sc2O3,6.00
InSe,1.12
GaSb,0.73
BaGa2SiSe6,2.88
Ba2InGdSe5,2.24
Cu3Ta7O19,2.47
GaP,2.77
PbTe,0.19
PbSe,0.14
K2CdP2Se6,2.58
K1.83Cd1.83Bi2.17S6,1.37
In4Te3,0.42
Ag3AsSe3,1.86
CsCd4In5Te12,1.42
Ce4Ge3S12,2.30
Tl2Hg3S4,2.05
CuGa3Te5,1.09
CuPbBiS3,0.12
KBi3S5,1.21
CsCaBO3,4.20
Hg0.65Cd0.35Te,0.28
TlGaTe2,1.80
Cu3GdS3,1.62
Cu3TmTe3,0.14
LiBi3O4Cl2,3.35
As2Se3,1.81
TlCl,3.46
KSi2P3,1.72
NaNO2,3.13
NaBiS2,0.42
AgSbSe2,0.67
La2YbCuS5,1.45
In0.1P0.1Ga0.9As0.9,1.60
CdSe,1.82
Mg2Sn,0.14
Ga0.28In0.72As,0.55
ZnAs2,0.90
Ag7AsSe6,1.00
Ag2CdGeS4,2.32
InP,1.28
AgLi0.33Ti0.67O2,2.70
Hg0.06Zn0.94Te,2.03
YbGa2Se4,1.80
Ca2SmTaO6,3.45
Pb0.8Sn0.2Te,0.11
Ba4B11O20F,7.10
GaSe,2.11
In2O3,2.80
CrSb2,0.14
ZnIn2S4,2.50
Na2Nb4Se4O19,3.56
Cd3As2,0.12
Bi2Te1.2Se1.8,0.28
Cs2B4SiO9,6.53
Cs10Cd4Sn4S17,3.16
TlInS2,2.52
KIO3,3.71
Rb2Hg3Ge2S8,2.80
Rb2TeI6,1.40
SbSI,1.96
GeSi,0.88
Cs5P5Se12,2.17
NaAsS2,2.23
Ho2GeS5,2.50
La2Se3,1.70
TaGaS2,3.40
MnP4,0.28
CdSe,1.82
K10Zn4Ge4S17,3.34
YbS,0.98
Tl2Au2Sn2Se6,1.20
Cs2Bi2Cd2S5,1.70
LiInI4O12,4.27
TeSe3,1.87
Cr3Se4,1.59
Ga0.65Al0.35As,2.00
K2Bi8Se13,0.47
Zn6S5Cl2,2.71
CuInSe2,0.80
CuInTe2,0.88
CsCl,7.80
Pb0.99Sn0.01Se,0.22
Pb0.999Se0.999Bi0.002Te0.003,0.79
Ag2O,1.57
Pb3B3O10N,3.64
MnVTe2O8,1.90
Cd0.99Te0.99Al0.01Sb0.01,1.60
KTbSe4,1.65
GaAs,1.42
ZnAs2,1.20
SrBiO2Cl,3.52
FeSi2,1.00
Ho2Mo3O12,1.07
K2SmP2S7,2.59
K10Zn4Sn4S17,3.20
CdS,2.58
InSb,0.23
CdS,2.52
AlSb,1.70
Li0.2Na0.8AsSe2,1.57
Mg2Sn,0.35
Ba5V3O12F,3.85
LiI,6.00
NaCd4P3,1.10
AlSb,2.22
AlSb,1.49
EuSb2Se4,0.95
Pb0.93TeIn0.07,0.32
ZnMoSb2O7,3.30
AsSeI,1.76
InS,2.06
Pb0.999Sn0.001Te,0.21
In0.94As0.94Cd0.06Te0.06,0.68
TlN,1.40
NaInI4O12,4.25
ZnSb,1.09
AgAlO2,3.60
KF,10.30
PbSe0.9S0.1,0.27
AgAlTe2,1.90
Ba2AgInS4,2.32
Sb2Se3,1.00
PbTe,0.29
PtPAs,0.40
Tl2CeP2S7,2.40
LiPbSb3S6,1.60
Cd2V2Te2O11,2.48
TlCl,3.80
As2S3,2.45
SnGa4Se7,2.55
Ho2O3,5.42
Cd3P2,0.59
Ba2GaSbTe5,1.66
Hg0.7Cd0.3Se,1.10
PbSe,0.26
PbS,0.60
PbI2,2.54
GaAs,1.48
InP,1.41
In0.9Al0.1P,1.50
Na3Sn2F6Cl,3.88
SnS,1.22
CdS,2.53
ZnO,3.35
K5In3P6Se19,2.20
SnI4,2.38
H2Ti6O13,3.40
Li2B12Si2,2.27
PbSb2Se4,1.80
PdS,0.50
Cd0.9Te0.9Al0.1Sb0.1,1.36
KAuI4O12,2.75
CsCl,8.10
Ba3Tb2P4S16,3.37
KBiSiS4,2.25
Ba4Si3Se9Cl2,1.76
Al2Te3,2.20
FeIn2Se4,1.15
CsNbSe2O7,4.20
FeSc2,0.77
Ga0.99Sb0.99Cd0.01Te0.01,0.72
Cs3Nb2AsSe11,1.35
K3Ta2AsS11,2.21
GaSb,0.81
CuGaGeSe4,1.38
Ba5Ga6SnP12,1.21
DyIn3S6,1.22
InP,1.41
Pb4V2Se6O21,3.37
EuGa2S4,2.25
PbMnIn2S5,1.45
ZnTe,2.28
PbCdP4O12,4.85
Mg2Pb,0.15
Na2CdSnS4,2.52
LiCsCO3,6.19
ThOSe,1.65
PbTe,0.19
SbI3,2.22
CdIn2S4,2.00
HgSe,0.24
Tl3CuNb2Se12,0.80
YH2NO5,4.83
Mg3P2,1.40
Zn0.4Hg0.6Se,0.42
InSb,0.27
Rb3Sb2I9,1.94
In0.6Al0.4P,2.12
Ba4Sb3S8Cl,2.09
Li2CdGe,0.99
ZnSiP2,2.07
Bi2O3,2.91
CdTe,1.45
In6Se7,0.72
BaTiO3,3.04
NaInS2,1.90
Bi14.7In11.3S38,1.45
CdGa2Se4,2.48
Bi2S3,1.45
Cs2CdP2Se6,2.63
EuTe,1.96
Pb0.93TeTl0.07,0.54
ErBiW2O9,3.26
Cu2Se,1.29
LiAsSe2,1.50
LiGaGe2Se6,2.64
Eu3In2P4,0.45
GdAs,0.63
CsGaS3,3.00
AsNMg3,1.33
Ba2InErSe5,2.29
CsPSe6,1.90
Sb2Se3,1.11
BiSCl,1.89
Hg0.63Cd0.37Te,0.35
CdS0.8Se0.2,2.23
ZnTe,2.35
Gd2S3,2.55
Na2TeS3,2.35
AgPbBiS3,1.20
Hg4As2ZrCl6,2.48
BaBiO2Cl,3.71
CdSnAs2,0.40
CdGeAs2,0.85
RbYbZnSe3,2.07
CdGeAs2,0.72
Cd4As2Br3,1.78
HgIn2Te4,0.86
NaInTe2,1.60
FePS,0.25
PtSb2,0.06
Tm2O3,4.53
PtAs2,0.80
K1.46Sn3.09Bi7.45Se15,0.39
CdSiAs2,1.52
NaBa2Cu3S5,0.45
GaN,3.39
RuS2,1.80
KEuAsS4,1.89
Pb0.61Ge0.39Te,0.56
TlSe,0.65
Cu3YbSe3,0.20
Pb0.96TeTl0.04,0.57
Pr2Se3,1.90
Li2FeSnS4,1.86
InAs,0.47
PbGa2Se4,1.83
Mg2Pb,0.04
Ba2B6O11,5.17
As2B12,1.51
TlAsS2,2.22
InSe,1.25
PbO2,1.50
SeS,1.90
Pb0.99TeGa0.01,0.42
BaRh2Ge4Se6,1.09
CsGeI3,1.60
RbBiS2,1.36
Rb1.45Pb3.1Sb7.45Se15,0.45
SmTe,0.62
MgSiN2,4.05
CoSb3,0.50
MgTe,3.60
Ba2InDySe5,2.27
Ba4AgInSe6,2.41
KH3Se2O6,4.88
ZnTe,2.30
PdPSe,0.15
B2O3,4.89
BiFSeO3,3.83
KCl,8.50
Pb0.9Sn0.1Te,0.16
ZnIn2Se4,1.82
Ag2ZnSiS4,3.28
Cd3As2,0.43
Bi2Te3,0.25
CdSe,1.84
MoO3,3.66
Zn2In2S5,2.65
K8Zr6Se30,1.81
PbO2,1.70
Si2Te3,2.18
InP,1.35
LaVI5O16,3.58
KBiS2,0.90
CdSe,1.70
BAs,1.45
CdSb2Se3Br2,1.40
La2O2FeSe2,0.70
BaZn2As2,0.23
ZnSnAs2,0.67
YbSb2S4,1.12
HgTe,0.15
CdTe,1.56
AgCl,5.13
CuInSe2,1.01
TlSbSe2,0.82
GeS,1.59
Th2GeSe2,1.98
Rb2Cu2Sb2S5,1.60
CuGaS2,2.43
Ba1.88Ta15O32,0.13
Cs6Na2Zn4Ge42,0.30
Cu0.35Ga1.65S2.65,2.53
Li4.5Ga0.5TeO6,4.99
KGaSnSe4,1.73
AlN,6.09
Cu0.95In1.05Se2.05,1.07
Cu2Te,1.08
CdIn2Se4,1.45
Cu2SnSe3,0.83
Hg0.8Zn0.2Te,0.08
BaSe,3.60
Zn0.3S0.3Ga0.7P0.7,2.30
TeI4,1.10
KSbS2O8,4.64
CdS0.99Se0.01,2.40
RbCl,8.29
Ba2InNdTe5,1.37
Ba2GaSmSe5,2.27
ZnI2,4.53
K2CuNbSe4,2.14
InBi2S4Br,1.50
Ga0.01P0.01Zn0.99Se0.99,2.60
TiS3,0.90
ZnSe,2.80
Hg2I2Te2,1.85
SbSI,1.92
Ba3Ta2Se9,1.60
ZnSnAs2,0.66
Cs2MgSn3Se8,1.92
Ce10OSe14,1.93
K2P2Se6,2.08
EuSb4Te7,0.54
CsAgSb4S7,2.04
WSe2,1.49
TlSe,0.79
Ca3Sb2,1.40
TlBr,3.07
Na8CsB21O36,4.67
Cu2P2S6,2.20
Ag3AsS3,2.20
SrTe,3.77
TlBr,2.64
ZrNiSb,0.55
Mg2Sn,0.34
PtS2,0.75
CeFMoO4,2.52
InSb,0.24
Rh0.67S2,1.50
Nd4Ge3S12,2.62
GdB66,1.27
InP,1.42
CuNb3O8,1.47
BaGa2SnSe6,1.95
Pb0.92Sn0.08Te,0.13
Cs2HgI2Cl2,2.15
PbTe,0.25
ZnS,3.66
Ge0.891Si0.109,1.13
Ba2GaSbSe5,2.51
La4InSbSe9,1.76
AgAlSe2,2.55
Pb0.999Sn0.001Te,0.23
BaF2,9.20
InAs,0.42
Ge0.8Si0.2,0.86
GaSe,2.13
InS,1.80
Ga0.8In0.2As,1.07
YbS,1.33
TlCu3Lu2Se5,2.12
GaTe,1.67
LiF,11.70
Cu0.99Ga1.01Se2.01,1.59
Gd3.04Sc0.96S6,1.50
Pb0.999TeGa0.001,0.30
CdTe,1.58
CdSiP2,2.25
Ba2ScTaO6,4.19
ZnSnSb2,0.40
La2MnNiO6,1.20
ZnIn2S4,2.70
TlPS2,1.60
Mg2Sn,0.31
Li2ZnSnSe4,1.87
ZnAs2,1.30
TlInSe2,1.14
ZnSnSb2,0.30
InP,1.35
RbH3Se2O6,4.84
Pb0.83Sn0.17Se,0.04
CdTe,1.60
Ga2Te3,1.32
Ba2InErTe5,1.35
CuI,3.12
SnS0.8Se0.2,1.07
Ga2GeTe3,0.84
Ge0.92Si0.08,0.72
Ge0.93Si0.07,1.04
Er2Se3,1.66
Bi2I4O13,3.30
NaGe3P3,2.06
K2ZnSn2Se6,1.71
PtSe2,0.10
GeS,1.74
Cu2ZnSnTe4,1.39
AlVTe2O8,2.90
PtP2,0.80
AgAlTe2,1.80
Bi3In4S10,1.42
NaI,6.00
AlP,2.51
Ag2.7Ba6Sn4.3S16,1.38
SnGeS3,2.23
CaSm2S4,2.05
K8Al8Si38,1.40
BiSI,1.56
Ce2YbCuS5,1.37
Cu2O,2.59
PbCl2,3.82
CdGa2Se4,2.20
BaClBF4,6.89
Sn2S,0.95
CdSb,0.43
Pb0.995TeTl0.005,0.48
GaAs0.99Sb0.01,0.70
Cs2Te,3.50
Th2Se5,0.37
Fe2TiSi,0.40
Hg0.1Zn0.9Te,1.74
PbGeS3,2.40
Na2KSb,1.00
Mn2.04Gd1.47In0.49S5,1.75
KAg2SbS4,2.20
TlCl,3.23
InSe,1.29
Cs2CuNbSe4,2.19
ZnIn2S4,2.90
GaSb,0.67
CuAlSe2,2.50
La3CuGaSe7,1.36
Cu2CdGeSe4,1.20
Ba8Al10B12O41,3.10
Bi12SiO20,3.20
Ga2Te3O9,4.15
HfS3,2.80
Pb0.95Sn0.05Se,0.12
InP,1.35
KInSe2,2.68
ZnO,3.30
BiZn2VO6,2.40
Hg0.3Cd0.7Se,0.55
TaGaSe2,2.03
KFe2BiO5,1.76
Ga2Te3,1.33
Cs2Cd3B16O28,4.76
TlInTe2,0.68
CuCl,3.22
HfS2,2.90
Fe4I3O24H15,2.30
Cu0.35Ga1.65Se2.65,1.81
KIO3,3.87
K2AgSnSe4,1.80
SmTe,0.35
SmB66,0.80
Ag3AsSe3,2.10
Pr2Te3,1.16
RbCl,8.30
CdSe,1.75
CsSbS2,2.80
GaAs,1.40
CdSe,1.74
Li6Al2Te8O22,3.63
Rb3Bi2Br9,2.62
SnS,1.25
Pr10OSe14,1.89
EuS,1.65
CuInSe2,0.92
CuGaSe2,1.68
Ag2SnS3,1.37
BaTe,3.40
Pb2B3O7.5H2,4.42
YbSb2Te4,0.34
Cs2Zn3Se4O12,4.30
CeScO3,3.20
SnSe,0.95
Ag3AsS3,2.10
Cu3AsSe4,0.88
AlSb,1.80
ZnTe,2.39
Tl2TeI6,1.47
AlB12,2.20
Zn0.9Hg0.1Se,1.75
ZnIn2S4,2.65
Cd4As2Br3,1.93
PbBr2,3.20
AlB12,1.90
Rh0.67Se2,0.70
Ge0.001Si0.999,1.09
Ga0.95Sb0.95Zn0.05Te0.05,0.85
LiPbB9O15,4.75
La2V2IO9,3.63
CuCl,3.40
Sn2SbS2I3,1.50
Cd3P2,0.56
Ba2B6O9(OH)4,6.53
Nd2Se3,1.70
Nd4InSbSe9,1.57
Sm2O3,5.00
ZnS,3.58
TlInSe2,1.20
YbTe,1.80
RbZn4In5Se12,1.76
TlInSe2,1.40
Ga2Se2O7,4.61
DyTe1.7,0.35
Na2CdGe2S6,3.21
NH6PO4,6.80
ZnS,3.70
AgGaS2,2.73
InSb2Se4Br,1.35
CdTeO3,3.55
Cu2GeS3,0.53
Sm4InSbS9,2.13
Cs4Pb4Ge5S16,1.95
HgGa2S4,2.79
Cd3As2,0.17
CsSmCdSe3,2.47
CaF2,9.92
ErN,2.40
Hg0.25Zn0.75Te,1.25
RbMoPO6,2.96
RuPS,1.40
CuCl,3.20
NaI,5.93
InAs,0.41
GaSb,0.81
SrSeO4,4.75
SnSe,0.90
TlCr5Se8,0.67
TlInGeS4,2.30
La3Sb0.33SiSe7,1.75
CuInTe2,0.80
K2Cu2ThS4,2.17
K2Gd2Ti3O10,3.30
Hg0.8Cd0.2Se,1.10
As2Se3,1.80
K2ZnSn3S8,2.55
InP,1.29
CuIn3S5,1.20
ZnO,3.48
Ga2S3,2.84
GaSb,0.80
CdP4,1.00
TlCr5SSe7,0.71
GaSe,2.01
Sn2BiS2I3,0.90
Cu0.35In1.65Se2.65,1.19
Ba4Ge3S9Cl2,2.91
CdSe,1.82
BiSeBr,1.96
Zn0.85S0.85Ga0.15P0.15,2.90
NiS2,0.64
Na8Eu2Ge4S12,2.15
CaGd2S4,2.55
Ho2S3,0.50
K3Cu3Th2S7,2.49
CuGaS2,2.50
K4Nb2S11,2.35
MoTe2,1.20
IrSe2,1.00
CdS,2.39
K2ZnSn3S8,2.15
Ga2Se3,2.05
TlSe,0.74
Ir2Sn3Se3,0.43
Zn0.5Cd0.5Se,3.00
CuZr1.86S4,1.26
ZnS,3.63
Hg0.8Cd0.2Se,1.30
BaHgSe2,1.56
La3GaGe0.5S7,2.54
CeF3,4.85
Cu3GdSe3,0.14
Ce2O2FeSe2,0.64
Dy4GaSbS9,2.58
GaSe,2.12
Ru2Si3,0.70
CdP2,2.13
AgIn3Te5,0.68
CdSb,0.48
InP2S4,2.75
Zn0.55S0.55Ga0.45P0.45,2.40
PbSeO4,4.30
ZnSnP2,1.45
Ba3SnSb2Se8,0.97
LiAlB14,2.05
Ga0.2In0.8As,0.50
AgS,1.40
Tb2Mo3O12,1.41
LaB6,4.10
NaAlGeS4,3.60
CdSb,0.54
Ag2NbP2S8,2.02
LaGaO3,4.40
Na0.5Pb1.75GeSe4,1.60
As2S3,2.50
InP,1.25
CuGaS2,2.38
InAs,0.36
CaO,7.00
Ba4CuGa5S12,2.82
CsCdBO3,2.58
Ga0.3P0.3Zn0.7Se0.7,2.15
SmSnTe2,0.52
ThO2,3.50
BaTiO3,2.96
RuAsS,1.20
SbSI,1.85
CeIn3S6,1.11
NiP2,0.50
AgTlSe2,0.72
GaS,2.50
CdS,2.41
CuCd2InTe4,0.85
GeAs2,1.10
GeSe,1.10
KBiSe2,0.61
CdSe,1.83
AgSbS2,1.99
GeS,1.74
SrSe,4.42
PdP2,0.65
Ba4Ga4SnSe12,2.16
Na2GeIn2Se6,2.47
Ba2In2S5,2.47
BaCuSbS3,2.00
Na2ZnGe2S6,3.25
InSe,1.17
Sb2S3,1.67
GeSe2,2.49
K3Cr2P3S12,1.35
CdSe,1.90
YClMoO4,3.82
ReSi2,0.12
As2S3,2.56
Ag2MoI4O14,3.06
Cd3As2,0.53
HoN,1.88
GeS,1.77
CdSnAs2,0.50
In0.99As0.99Ga0.01P0.01,0.30
SmP,1.09
CaF2,10.00
CuCl,3.21
Zn3P2S8,3.07
GaP,2.75
Ga0.58As0.58Zn0.42Se0.42,1.67
CsYCdSe3,2.58
In2GeTe3,0.70
PdPS,1.38
Na2Ga2SnS6,2.20
Fe2P3B1O12,3.52
ReO3,2.30
Pb2BiS2I3,1.60
Li3AlP2,2.75
Cs2Sn3Sb2S10,2.34
TlHg6S4Br5,3.03
Rb3Sb,1.00
Ce2YbCuSe5,1.05
La3CuGeSe7,2.00
RbYTe2O6,3.60
CuInTe2,0.95
LiIO3,4.37
CsCd4Ga5Se12,2.21
In0.5P0.5Ga0.5As0.5,1.75
ZnS,3.64
Cd6P7,0.85
Ag2S,1.03
Sb2Se3,1.10
HgS,2.10
CdGa2Se4,2.25
Cs5BiP4Se12,1.85
CdIO3Cl,4.30
Eu4Te7,0.31
V3As2O9,0.76
GdIn3S6,1.13
In0.8P0.8Ga0.2As0.2,1.40
Li8GeN4,2.61
NaNbSe2O7,3.65
CdS,2.52
Pb0.85Sn0.15Te,0.10
AlSb,1.60
TlBr,3.02
AgSbSe2,0.62
BiI3,1.81
EuVO4,3.44
CsRbP2Se8,2.41
Na2In2SiS6,3.27
NaScSe2O6,5.50
MoTe2,1.10
As2Se3,1.73
CdP4,0.91
Ba6Al4B14O33,3.44
Mg3B50C8,2.70
InP,1.45
BaCdSnS4,2.30
ZnSe,2.70
PbI2,2.56
Zn0.75Cd0.25Se,3.20
Li4Rb3B7O14,6.53
AgInTe2,0.93
AsTe,0.74
Pb2O3,1.67
K10Sn3P8Se24,1.82
Sm2ZrSe5,1.41
Ba5Ga2Se8,2.51
Ce15B8N25,3.50
In0.1As0.1Ga0.9P0.9,2.25
Sn0.5GaZn3.5O6,2.99
Cu2Se,1.30
CuIn5S8,1.34
BaGa2GeSe6,2.81
Ga0.25Al0.75As,2.42
Cs2Cu3DyTe4,1.38
LiI,5.90
Rb1.54Cd1.54Bi2.46S6,1.33
Cu2CdSnS4,1.40
CuGaSe2,1.36
Pb2V3Se5O18,3.14
Li2In2GeSe6,2.30
GaP,2.78
ZnTe,2.23
Fe2Te3,0.34
LiIO3,4.00
SrTiO3,4.10
CuGaInS3.5,1.84
KAg2SbS3,2.10
Tl2Hg3Se4,1.57
RbSbS2,2.13
La2YbCuSe5,1.15
In2S3,2.00
NaAsS2,2.33
Ag0.4Cd0.5In2.2Te4,0.19
Cs2Hg3S4,2.80
GaSe,2.13
ZnO,3.44
BiSeI,1.32
MgSe,5.63
CdIn2Te4,1.44
In4S5,0.90
Gd2Mn4S7,1.44
YbClWO4,4.23
Ba3Ta5O14N,2.80
PbCdP4O12,4.87
Sr2SmTaO6,3.38
CsYbZnSe3,1.97
LiGaSe2,3.34
HfS3,3.10
Hg4As2HfCl6,2.47
CdSb,0.58
KBaSbSe3,2.04
BiSCl,1.93
RbMn4In5Se12,1.76
MnSe,2.50
Cu0.15In1.85Se2.85,1.32
KUO3Cl,2.37
CsTb9Cd4Se18,1.95
GeAs,1.65
Cd3MoTe2O10,3.81
ZnSnAs2,0.60
ZnIn2S4,2.99
GaSb,0.81
Pb0.7Ge0.3Se,0.40
CsInGeS4,2.40
BiTeI,0.46
GaTe,1.50
Cs2Cu2Sb2S5,1.60
Pb2H2P2O6,3.97
Na7.36Ga7.24Sn4.78Se24,1.50
GaTe,1.70
CeN,0.70
KYTe2O6,3.80
Rb4Ti3S14,1.59
BaGa2S4,4.13
CsCd4In5Se12,1.62
La2MoO5,1.00
BaZnSiSe4,2.71
Pr4Te7,0.46
TeO2,3.00
CdGa2S4,3.40
KV2I3O13,2.30
Cd3P2,0.55
GaSe,2.20
CaMg2N2,3.25
MgSe,6.00
Pr2.48Tb0.52Ga1.67S7,2.61
Zn3In2S6,3.05
Pb2Bi5.9La2.1S14,1.00
TlAsSe2,1.40
CsYbZnSe3,2.10
Cd3P2,0.52
PbSbO2I,2.48
Ba8Ga10Si36,0.31
Bi2O3,2.80
Pb0.83Sn0.17Te,0.15
KNb3Se2O12,3.46
ZnO,3.49
Tl3AsSe3,1.30
CdGa2Se4,2.10
CeMn0.5OSe,2.01
InSe,1.35
As2S3,2.36
ThOS,2.22
Tl4Nb2S11,1.80
SmTe,0.22
Hg4As2.5InBr3.5,1.71
Li4.5Fe0.5TeO6,3.25
Bi25FeO39,2.80
Hg0.2Zn0.8Te,1.46
CdO,2.30
Bi2Te0.1Se2.9,0.78
PbSbBS4,1.80
ZnGa2Se4,1.72
CuBiP2Se6,1.20
Pb10B3O13Br3,3.25
AgGaS2,2.62
AgBiP2S6,1.70
SrThP2S8,3.02
UO2,2.18
CuGaSe2,1.70
DyB6,3.30
K1.25Pb3.5Bi7.25Se15,0.53
K2Cd2Te3,1.93
Gd4GaSbS9,2.41
NdCuOTe,2.26
CsBiS2,1.46
CdSiAs2,1.47
ZnS,3.88
OsTe2,0.30
PbBiBO4,3.20
Rb2Hg3Sn2S8,2.48
LiBi4Ta3O12,3.50
BaGa2SiS6,3.75
BaF2,9.06
BaTiO3,3.13
AlB12,2.50
RbAg2TeS6,2.04
Ba3P3O10Cl,6.89
Sm2Mn3Sb4S12,1.50
CdIn2S4,2.60
CdS0.35Se0.65,1.93
CoAs3,0.40
GeSe2O6,5.27
RbPSe6,2.18
Cu3ErTe3,0.24
KTaO3,3.50
SnS,1.09
CdS,2.50
In0.9As0.9Cd0.1Te0.1,0.69
CsZn4In5Se12,1.61
Na2KSb,1.10
Pb0.9Sn0.1Se,0.12
RbF,10.40
InP,1.26
PbI2,2.32
SbSeI,1.63
LiZnN,1.91
Zn0.75Cd0.25Se,3.30
CsBi3Se5,0.43
Cu3DySe3,0.20
Bi12PO20,3.25
TlInSe2,1.12
CdIn2Te4,1.12
AgGaSe2,1.80
LiNbO3,4.30
CuCl,3.31
CuCdInSe3,1.66
RuSbSe,0.90
Co2Te3O8,3.60
Li4SrB2O6,6.67
As2S3,2.64
K4GeSe4,0.64
CdCl2,5.70
AlB12,1.96
Na4MgGe2Se6,2.53
AgI,2.82
TaON,2.40
Ba3BSbSe6,1.89
EuLu2Se4,1.70
GaP,2.74
As2S3,2.48
Na4MgSi2Se6,2.85
CaSe,4.87
CsCeHgSe3,1.94
PbGa2GeSe6,1.96
In0.96As0.96Cd0.04Te0.04,0.69
CsCu2AsS3,2.30
Sb2Se3,1.06
SrLa2S4,2.85
SrTiO3,3.00
InP2S4,2.42
Ga0.8Sb0.8Cd0.2Te0.2,0.80
EuSb2S4,1.20
BaGa4Se7,2.64
KRbBi8Se13,0.64
In0.4Al0.6P,2.30
K8Ga8Si38,1.18
CuFeSe2,0.16
Cd3As2,0.13
La3Te4,0.43
Rh2S3,0.80
Ga1.01Sb0.99Te0.03,0.68
In0.4P0.4Ga0.6As0.6,1.74
GaSe,2.13
GaAs,1.52
Sb2Te3,0.21
Er2Mo3O12,1.04
TlSe,0.67
GaSe,2.17
Ge0.1Si0.9,1.04
Y2S3,2.90
Ba3ZnTa2O9,4.32
CuBS2,3.61
Zn0.4Hg0.6Se,0.50
Ta2O5,4.20
Pb0.75Sn0.25Se,0.04
Cu2ZnGeS4,2.10
Cu0.2In1.8Se2.8,1.26
AgS,1.00
OsP2,1.20
RbZrPSe6,2.00
Bi2S3,1.20
Zn3P2,1.15
GeO2,5.63
CdSe,1.73
Ag2SnSe3,0.81
NdTe2,0.48
NaSbS2,1.80
Cu2GeSe3,1.10
Pb2GeSe4O12,4.10
CsSmZnSe3,2.43
Sb3O4I,2.61
NaBaB5O9,4.78
Bi2SeI2O11,3.70
CdP2,2.15
Dy3Al0.5SiS7,2.22
TlCr5S4Se4,0.85
Nd2ZrS5,1.83
MnTe,1.35
LiInSe2,2.83
Ga1.005Sb0.995Te0.015,0.68
Ba3InS4Cl,3.42
EuVO4,3.26
CuGa3Se5,1.81
Bi5O7I,2.76
CsLaHgSe3,2.46
Mg2Pb,0.10
CdSe,1.77
NaI,5.89
NaAsSe2,1.71
TlSe,0.75
ReSi2,0.20
CdTe,1.60
Zn0.99Cd0.01Se,3.70
NaIn3S5,2.18
TiC0.9,0.30
KPbB5O9,3.10
GaTe,1.63
In2Te,0.46
Cu0.4In1.6Se2.6,1.32
ZnSnAs2,0.65
BaS,3.88
Cu2In4Te7,1.10
PbTe,0.32
K2Au2SnS4,2.75
TlBr,3.40
K3NaSn3Se8,2.20
Rb2CuNbS4,2.64
AgO,1.57
ZnO,3.44
CdS,2.55
Rb2TiCu2S4,2.19
OsSb2,0.30
SbSI,2.02
LiAlB14,1.82
Ba3Sn0.87Bi2.13Se8,0.79
K2CuIn3Se6,1.68
Ce2Te3,1.22
KCd4Ga5Se12,2.16
EuGa2Te4,1.70
PbBr2,3.23
ScN,2.60
Ba3Gd2P4S16,3.41
K2CsSb,1.20
CoAsSe,0.20
Sm4GaSbS9,2.23
Hg3ZnS2Cl4,2.65
BeO,10.39
Ga1.05Sb0.95Se0.15,0.66
CdGeAs2,0.56
Na3WO4Cl,4.99
GeAs2,1.06
GaAs,1.52
In0.01Al0.99P,2.40
Ba4CuGa5Se12,1.45
GaSb,0.81
CsCd4Ga5Te12,1.67
InAsI,0.41
Ag3SbS3,2.05
GaSb,0.81
CuFeSe2,0.15
Cu3ScSe3,0.30
RbBiS2,1.26
Hg0.8Zn0.2Te,0.07
AlN,6.28
SiAs,1.45
In2Se3,1.18
HgSc,0.24
Pb4Sb6Se13,0.65
CdP4,0.99
CdSnAs2,0.26
Cs6.40Na1.60Ga8Ge38,0.22
NaYbP2S6,1.85
GaN,3.44
Rb3NaMo2O8,4.84
BeS,4.17
Ag7AsS6,1.00
Ga2S3,2.80
TlAsSe2,1.35
Ag0.2Cd0.75In2.1Te4,0.54
WSe2,1.45
NdCuOS,2.98
Zn0.99Cd0.01Se,3.60
ZnB12O24H10,4.60
CdTe,1.66
CdS,2.49
Cs2Hg6S7,1.63
CaB6,4.50
AgIn5S8,1.76
K4P8Te4,1.40
V2O5,2.36
CuBr,2.90
Hg2Br2Te2,2.06
ScNiSb,0.11
BaGa2GeSe6,2.22
Na2Te,2.30
In4As5O12Br3,4.22
CuBr,3.02
TaN,2.30
Na2Mo2Se2O11,3.10
K4Ag9Sb4S12,2.00
K2Gd2Sb2Se9,1.33
RbBi3Se5,0.80
RuSbTe,0.50
SnS,1.07
BiI3,1.93
Zn0.7S0.7Ga0.3P0.3,2.50
ZnSiAs2,2.12
Dy3GaS6,2.81
ZnSe,2.82
La2Ga0.33SbS5,1.76
BaB2O4,6.70
UO,1.50
CuSbS2,1.40
SmS,2.30
InSnAsSe,0.26
ZnSe,2.68
Cs4Zr3S14,2.35
Ba7AgGa5S15,2.60
CaNd2S4,2.70
CsSmZnSe3,2.63
NaIn3Se5,2.17
PSe,2.50
Hg0.01Zn0.99Te,2.17
TlScSe2,0.79
Sb2Te3,0.28
Tl2O3,2.25
CdGeAs2,0.50
Mg2Sn,0.23
SrPb3Br8,3.20
CuFeS2,0.43
KSbS2,1.67
RbCl,8.20
MnSb2Se4,0.31
K2TeI6,1.38
Na2TeSe3,1.87
Cd3As2,0.11
CsSb,0.61
CsZrPSe6,2.00
Zn2In2S5,2.68
Eu3Bi4S9,1.18
Ga0.01Al0.99P,2.49
RbBa2P5O15,7.60
LiMgBi,0.40
NaBiS2,0.44
PbI2,2.54
CdGeP2,1.73
CoSb3,0.49
InSe,1.05
Bi25GaO39,2.99
Ba12In4S19,2.56
Cu0.1Ga1.9S2.9,2.65
Bi7F11O5,4.05
Zn0.01Cd0.99Se,2.40
Sr4Te3O8Cl4,4.00
BaIn2S4,3.06
AgInSe2,1.25
InSb,0.23
BaTiO3,3.06
SrGe2,0.90
Cu0.1Ga1.9S2.9,2.60
Cd4P2Cl3,2.24
In0.98As0.98Cd0.02Te0.02,0.73
GaSe,2.09
InSe,1.19
WO3,2.80
Na2Ga2GeS6,3.29
Ga0.5Al0.5As,2.12
CuScO2,3.30
Gd2O3,5.30
InAs,0.41
GaAs0.01P0.99,2.23
LiInS2,3.59
IrS2,0.90
MnI2,4.04
In0.4Ga0.6P,2.05
TlBr,3.30
AlP,2.51
Eu1.83Ta15O32,0.23
Ga2Te3O9,4.14
In2Se,0.83
Ba3Sb2S7,2.40
RuPAs,0.80
KAg2AsS3,2.25
PrBN2,4.00
Sr3Se3O8Cl,4.40
LiBr,7.50
Cd0.95Te0.95Al0.05Sb0.05,1.37
Cs2Ga2Se5,1.95
Cd3P2,0.58
Zn3In2S6,2.80
RbBi3Se5,0.43
Pb0.9Ge0.1Se,0.30
CuInSe2,1.07
InAs,0.28
Cu2Te3O8,2.64
EuSnTe2,0.60
CuI,3.05
Ba2InDyTe5,1.35
GaAs,1.53
CsSmHgSe3,2.37
Ca3B2N4,3.90
Pb0.8Sn0.2Te,0.08
EuSb2BO8,3.46
K4Hf3Se14,2.02
ZnO,3.48
NaCeS3,2.15
PbSnS3,1.05
Si2Te3,2.16
LaTaN2O,2.00
Cs4Ta4P4Se24,2.38
CdSe,1.87
EuEr2Se4,1.70
BaGe2,1.00
TlInSe2,1.18
Bi2CrI2O11,2.40
Ga0.85As0.85Zn0.15Se0.15,1.47
LiInSnS4,2.30
Pr2Te3,1.50
EuGa2Se4,2.16
Na2ZnGe2Se6,2.36
In2Se3,1.42
Pr2Te4O11,3.65
CoP3,0.45
TlInTe2,0.70
ZnIn2Te4,1.95
RbCu2SbS3,1.67
Tl2Hg3Te4,0.90
Cr2S3,1.10
InN,1.95
Cu2O,2.58
Er2Te3,0.90
AgGaSiSe4,2.63
Rb8Ga8Si38,1.18
AgSbTe2,0.60
Li2In2GeS6,3.45
SnBr2,3.50
ThO2,3.30
Bi8Te7S5,0.40
PbGa2SiSe6,2.17
Li2ZnGe,1.10
Na2RbSb,1.00
TaGaS2,2.56
K2Hg3S2.69Se1.31,2.28
In0.3Al0.7P,2.30
ZnO,3.44
GaTe,1.74
SrS,4.76
LiGaS2,3.62
In2Se3,0.97
MnTe9,2.00
LiCl,9.33
PbTe,0.19
TlSe,0.73
CuIn2S3.5,1.43
Cu2ZnSiS4,3.25
Pb0.93TeGa0.07,0.34
HgCuSe2O6,3.25
LiBiS2,0.11
CaBi2O4,3.08
PbTe,0.19
Tl3VS4,1.76
DyTe1.40,0.60
Rb3ZnB5O10,2.66
Li0.5Pb1.75GeS4,1.95
Cu2ZnSiS4,3.00
SnS,1.08
Mn1.95GdIn1.05S5,1.66
BiI3,2.00
Ge0.97Si0.03,0.67
Cs2MgGe3Se8,2.04
Hg0.72Cd0.28Te,0.21
Pb0.98Te0.98Ge0.02S0.02,0.34
CsHo9Cd4Se18,2.06
CuInS2,1.52
TlCl,3.20
La2BaTe5O14,3.81
RbSbSe2,1.62
VO,0.30
Ag2Ga2SiS6,2.35
RbCu2AsS3,1.96
TlBr,2.67
La5Cu6.33O4S7,2.00
Pb0.99Sn0.01Se,0.26
CoAsS,0.60
Ba3La3Cu6O14,1.80
BiI3,1.92
Zn4Sb3,1.00
Cu0.01In1.99Se2.99,1.45
K2Au2Sn2S6,2.30
TaGaS2,3.60
Ba7Sn5S15,2.29
Se3Te,1.87
Al2Se3,3.15
Cu0.2Ga1.8S2.8,2.65
NaLa2TaO6,4.50
MoO3,3.70
ReSi2,0.13
Cs3Sb2Br9,2.30
AgSbSe2,0.74
Ca3N2,1.55
InAs,0.45
Cu3SmTe3,0.23
KCeSe4,1.54
BaAl4Se7,3.40
K2Bi8Se13,0.59
Sb2Te3,0.24
PbSe,0.35
CuP2,1.51
RbI,5.83
Fe2Te3,0.60
Cd3P2,0.59
NaCdAsS3,2.93
Zn3P2,1.20
V2O5,2.54
Zn0.55Hg0.45Se,0.80
TlSe,1.30
As2S3,2.36
Li2CdSnS4,3.26
Rb2Cd3Se4,2.37
SmSe,0.46
InAs,0.36
In0.8As0.8Ga0.2P0.2,0.85
BaS,3.90
Li4Cs3B7O14,6.53
Rb2Cd3S4,2.92
GaTe,1.78
CdSc,1.71
CdSnP2,1.40
NaSmP2S6,2.54
CdAs2,1.04
AgGaS2,2.56
PtP2,0.60
Gd2Te3,0.74
PbS,0.29
Ag3AsSe3,2.07
KSb,0.90
CaZnOS,3.70
PtSb2,0.07
BaAuI5O15,2.32
Mg2Co,0.66
Ag2SnSe3,0.70
CdSe,2.27
AgGaO2,2.20
Pb0.85Ge0.15Te,0.36
CuGaS2,2.44
EuS,1.69
AgS,0.85
Pb0.95Se0.95Ge0.05S0.05,0.29
CdSb,0.46
Bi4V2O11,2.00
Ga2Te3,1.50
HgIn2S4,2.00
Li4.5Cr0.5TeO6,1.79
ErIn3S6,1.28
InAs,0.35
Na2B6O9F2,7.33
GeSe,1.16
Pb0.95Se0.95Sn0.05Se0.05,0.22
K8Zr6Se30,1.91
Sr5V3O12F,4.50
AgFeTe2,0.28
CdS0.65Se0.35,2.13
HgSnO3,1.60
EuTe,2.00
RbCu2VS4,1.45
Pb6B4O13H2,3.24
SnS0.4Se0.6,1.02
InSb,0.17
LaZnAsO,1.50
RuP4,0.38
CaLa2S4,2.70
Sn0.5GaZn4.5O7,3.00
Ba2GaErSe5,1.95
NaBr,7.50
Se0.4Te0.6,0.70
Rb3Bi2I9,1.89
Cd12Ge17B8O58,4.29
Ca2ScSbO6,3.68
CdTe,1.59
Cu1.8S,2.30
LaNbON2,1.70
CdP4,0.90
RbIn5S6,2.50
AgFeTe2,0.31
GaSb,0.77
SnTe,0.36
AlBi,0.40
Rb2AgVS4,1.83
Sm3Al0.33SiS7,2.26
NaInSe2,2.80
LaP,0.54
AgI,3.01
CdIn2Se4,1.57
TiS2,1.95
Zn0.15Cd0.85Se,2.60
CuCl,3.29
CsLu7S11,1.86
FeP4,0.32
CsSbS2O8,4.68
OsSbSe,0.40
In0.5As0.5Ga0.5P0.5,1.55
ZnTc,2.37
Ba2ZnSe3,2.75
Cu3YSe3,0.88
Ba2GaYSe5,2.31
InSe,1.29
AgSO4,0.18
CdS,2.64
Ce4Te7,0.50
BaSbBS4,2.34
Li2FeGeS4,1.42
Ce3LuSe6,1.10
Ga1.05Sb0.95Te0.15,0.68
CsInTe2,2.16
Ga1.005Sb0.995Se0.015,0.64
TaGaS2,2.53
PrAs,1.00
Li4.5Al0.5TeO6,4.90
K2Cd3Se4,2.36
Pb0.72Se0.72Sn0.28Te0.28,0.12
AgBr,2.52
Ba2Ga8GeS16,3.00
InS,2.07
ZnGeN2,2.90
Ba3Ho2P4S16,3.30
RbCl,8.10
Hg5AsS2I3,1.57
Cd3BiP3O12,3.90
EuH2,1.85
NaNO2,2.99
BaZnOS,3.90
InBi2S4Cl,1.50
TeI,1.10
Rb2PtI6O18,2.40
BiSeI,1.30
Cs1.43Cd1.43Bi2.57S6,1.28
InP2Se4,1.29
PbCl2,4.10
PbO2,2.00
Cs2Ga2S5,3.26
Pb0.75Sn0.25Te,0.04
SnS0.99Se0.01,1.08
Pb3Br2Se2O6,3.73
Ba4Ga2S8,2.55
CuGa0.4In1.6S3.5,1.55
V2O5,2.34
K3Nb2AsSe11,1.53
Cu0.3Ga1.7S2.7,2.55
Ru2Si3,0.44
SnBr2,3.40
Li2CdGeS4,3.10
Li2Ga2GeS6,3.65
LiKCO3,6.32
SbSBr,2.21
Cu3DyTe3,0.34
MoSe2,1.60
LaInS2O,2.73
Hg6.5As4CdCl6,1.86
K2MnSn2Se6,2.00
Ga1.02Sb0.98Se0.06,0.63
Ga0.7Al0.3As,1.81
CuInCd2Te3,0.70
Tl2TeBr6,2.06
CuInS2,1.54
CuNiC4N4,2.70
BaGa2Se4,3.16
Ga0.8Sb0.8Zn0.2Te0.2,1.15
EuDy2Se4,1.80
Tm4Sb2Se11.68,1.22
MoO3,3.75
RbHgSbTe3,0.20
OsPSe,1.40
Li0.2Na0.8AsSe2,1.72
PbTe0.01Se0.99,0.26
Pb0.93Sn0.07Se,0.08
Al2S3,4.10
BaV2SeO8,2.13
La4FeSb2Se10,0.85
B6P,3.30
Ba5Ga6GeP12,1.39
ErB6,3.50
Ga0.99Sb0.99Zn0.01Te0.01,0.72
TlCr5S6Se2,0.94
AgScP2Se6,1.55
YbAs,1.02
Sb2Te3,0.22
CdIn2S4,2.20
BiSeBr,1.54
In6Se7,0.64
Ag0.5Eu1.75GeS4,2.14
GaAs0.9P0.1,1.50
ZnIn2Se4,2.00
Na2BaSnSe4,2.46
SbSI,1.84
Cs2AgVS4,1.77
MoTe2,1.08
Pb6BBrO7,2.84
EuIr4In2Ge4,0.26
Pb0.85Se0.85Ge0.15Te0.15,0.32
Na2ZnGe2S6,3.04
LaCuOS,3.10
PbSe,0.31
Pb3O4,2.12
K2Hg3Ge2S8,2.70
CaSe,5.00
Pb0.8Sn0.2Se,0.06
BiSI,1.58
CsCaBO3,3.93
Ba8Sn4S15,2.31
AgInSe2,1.22
VO2,0.65
CsCdInSe3,2.40
Sm2Sn3Se9,0.70
LaSb,0.80
K6CdTe4,2.51
Ag2PdO2,0.18
BaAgSbS3,2.20
Hg6As4CdBr6,1.94
GaAs0.3P0.7,2.16
Ba3CdSn2S8,2.75
AsSb,1.60
InSb,0.24
InSb2S4Br,1.80
AgLi0.33Sn0.67O2,2.70
Li2MnGeS4,3.06
Ag3Ga3SiSe8,2.30
K0.8Hg1.2Sn2S8,2.78
Bi1.8Te3Sb0.2,0.15
Cs2Sb,0.62
Nd10OSe14,1.98
KCu2SbS3,1.70
Li6Ga2Te8O22,3.85
Hg7InS6Cl5,2.54
BiOI,2.12
Na2GdP2O8,4.19
Ba3V2Se4O16,2.87
Zn0.95S0.95Ga0.05P0.05,3.00
Cu2Te,1.15
GeAs2,1.00
FeAsS,0.06
InP,1.41
Cu3VS4,1.00
TaGaS2,2.40
RhAs2,1.15
Ca3BiP3O12,4.20
BeSe,4.00
BaSn2S5,2.35
Pb0.97Se0.97Ge0.03S0.03,0.28
SmSb2BO8,3.54
CsYZnSe3,2.29
Sn2S,0.85
GaGeTe,1.10
YbSe,1.50
BaO,4.80
CBr4,3.70
La2O3,5.40
Ga2Se3,1.86
Ag2CdP2S6,2.49
Ga0.01As0.01Zn0.99Se0.99,2.59
K2Cd3S4,2.75
PrSb,0.66
PbSbO2Br,2.67
Ba2InNdSe5,2.20
CsCd4Ga5S12,3.09
Rb2HgP2Se6,2.32
KH3Se2O6,5.03
AgBiP2Se6,1.40
Ba2GaDySe5,2.35
MgF2,11.10
SiAs,1.48
Zn0.99S0.99Ga0.01P0.01,3.70
Ga0.5P0.5Zn0.5Se0.5,2.13
KBaAsSe3,2.26
CsSbSe2,1.70
InS,1.86
CdP2S4,3.76
BiSe,0.40
NiC2N2,2.00
AgPbBiSe3,0.13
OsAsS,1.30
Rb6P3S15,2.30
Er2O3,5.42
RhSe2,0.60
Bi2Te2.1Se0.9,0.30
Nd3Te4,1.60
Ge0.7Si0.3,0.88
InSn2As2Se,0.20
NaNbSe2O7,3.80
Se0.6Te0.4,1.20
In0.95As0.95Cd0.05Te0.05,0.68
In4Se3,0.65
K6Yb3P5S20,2.60
In0.5Al0.5P,2.30
GeP,0.95
Nd2Sn3Se9,0.50
TlInSe2,1.07
KBiS2,0.92
SmCuOSe,2.60
Cs2CuP3S9,2.40
Ba2AsGaSe5,1.39
Ta0.67Zr1.33O1.89N1.63,2.48
CsDy9Cd4Se18,1.99
InSb0.9As0.1,0.27
AlN,6.20
NdAs,1.04
AgInCd2Te3,0.47
In0.93As0.93Cd0.07Te0.07,0.68
SiTe2,2.18
GeS2,3.60
Ga0.01Sb0.01Cd0.99Te0.99,1.35
Mg5B3O9F,5.63
Al2Te3,2.50
KAlGeS4,3.50
CsCeCdSe3,2.40
RuP4,0.64
TcSe2,0.88
InN,2.05
LaSi2,0.19
Ge0.06Si0.94,1.06
KSb5S8,1.67
Pb0.97Se0.97Sn0.03Se0.03,0.29
AgI,3.02
Hg0.6Cd0.4Se,0.95
BaLa2In2Se7,1.66
RbSbS2,1.96
Ga0.75P0.75Zn0.25Se0.25,2.18
La2ZrS5,2.01
MgGeN2,4.40
Bi2Te2.97Se0.03,0.15
Ba2Cu2ThSe5,1.75
BaReH9,3.44
Hg3Te2Bi2Cl8,2.80
Ta1.33Zr0.67O0.12N3.03,1.71
ZnSnAs2,0.74
Bi2O3,2.85
Pb0.8Ge0.2Te,0.40
BiI3,2.03
Pb0.92Sn0.08Te,0.16
BiTeNO6,3.62
MnSi,0.60
K2PdSe10,1.48
CsCuSb2S4,1.70
Li6Fe2Te8O22,1.98
CsAg2TeS6,2.04
KAg11V4O16,2.00
Ce2Se3,1.75
OsAs2,0.90
La2MnNiO6,1.40
GaAs0.7P0.3,1.80
Li3PS4,3.68
SrNd2S4,2.45
Hg0.796Cd0.204Te,0.06
Ba2GaGdSe5,1.87
HgGa2S4,2.84
TlCr5S3Se5,0.80
Pb0.7Ge0.3Te,0.48
HgSe,0.12
CdI2,3.80
GeAs,1.01
Li3Bi,0.70
EuIn2S4,1.50
Rb3Sb2Br9,2.48
SnO2,3.60
LaS1.86Se0.14,2.50
Ag2GeTe3,0.25
Dy4S4Te3,1.43
Ca2CdAs2,0.95
Bi2Te0.9Se2.1,0.28
TlAsS2,2.15
P2Se3,2.40
Ga0.8Al0.2P,2.30
H6PtI6O20,2.40
Li2In2SiS6,3.61
HoN,1.79
SnCl2,3.90
CsInGeS4,2.10
Ba5Ga4Se10,2.20
KSbSe2,1.37
In0.3Ga0.7P,2.20
Rb2Cu2Sn2Se6,1.04
RhSe3,0.70
InSb0.6As0.4,0.13
CdBr2,4.47
CsLu7Se11,1.78
Pb0.999Se0.999Sn0.001Se0.001,0.24
Cs3W3PO13,3.27
Lu2O3,5.50
SrZrS3,1.00
RbAg2SbS4,2.30
Cd4Sb3,1.25
Li2B6,2.00
SbTeI,1.25
K2ZnTe2,3.00
AgSbTe2,0.35
Pb6B2MoO12,2.90
Eu3P2,1.20
Zn0.2Ba2B2S5.2,3.54
AgGaGe3Se8,2.17
CuAlS2,3.50
Ba3Dy2P4S16,3.28
CuZn2InSe4,1.10
PdSe,0.20
Se0.5Te0.5,1.00
Bi1Te3Sb1,0.19
Cu0.05Ga1.95S2.95,2.70
Pr2Ge2Se7,1.32
CsSmCdSe3,2.45
CuInSe2,0.95
NaSbSe2,1.20
La2CoVO6,0.41
Tl4CuTeO6,2.20
Sb5O7I,1.95
HgBrCl,3.40
RbGaSnSe4,1.88
Na3MoO4F,4.77
YFMoO4,3.78
BaB2O4,6.20
Na3Sb,1.17
TaGaSe2,2.15
Cu2CdSnS4,1.37
KBr,7.60
ZnAs2,0.93
PrTe1.9,1.00
Hg3S2Bi2Cl8,3.26
PbI2,3.01
AgInTe2,0.96
TlGaS2,3.40
FeSi2,0.85
Ba2InSmTe5,1.36
SmB6,3.50
Ga0.99In0.01As,1.40
Rb2Sn3Sb2S10,2.33
BiOBr,2.92
Mn11Si19,0.66
HgTe,0.19
Ba4Ga2Se8,1.63
Mg2Ge,1.67
Rb3Al3Ge7Se20,2.40
SrTaO2N,1.99
CoSbS,0.50
Pb0.99TeTl0.01,0.59
CsMn4In5Te12,1.48
K3SmAs2S8,2.20
EuAl2O4,2.74
Cr2O3,3.40
LiBr,7.95
K3Ga3Ge7Se20,2.23
Yb4Sb2S11.25,1.71
Ca2Si,1.90
Pb14B2O14Br6,2.62
ReSe2,0.99
DyTe1.45,0.60
CsBr,6.80
SbI3,2.41
YbSb,1.00
Cu0.05Ga1.95Se2.95,1.96
Nd1.33Lu0.67S3,1.50
LaIn3S6,1.03
CsGaSn2Se6,1.87
CsKP2Se8,2.36
MgO,7.83
SnTe,0.33
CuCl,3.27
IrP2,1.10
Cu0.5Ga1.5S2.5,2.43
YbGa2S4,2.30
CuSmSe2,2.10
InSb0.8As0.2,0.21
Pb0.85Se0.85Sn0.15Te0.15,0.18
Cd4P2Cl3,2.17
SrCrO4,2.45
RbBiSe2,0.72
Ag2S,0.87
Ag3AsS3,2.18
Ag3SbS3,1.75
AgGaSe2,1.83
AgSbSe2,0.85
AlP,2.43
As2S3,2.00
CdAs2,1.14
CdGa2Se4,2.43
CdP2,2.02
CdS,2.58
CdSb,0.59
CdSe,1.83
CdTe,1.65
CuFeS2,0.50
CuGaSe2,1.60
Dy2S3,3.00
GaN,3.50
GaS,2.52
GaSe,2.13
GaTe,1.69
GeSe,1.08
In4Te3,0.50
InAs,0.41
InSe,1.27
KI,6.08
Mg3As2,2.55
NaBiSe2,0.32
PbS,0.30
PbTe,0.34
RbI,6.05
Sb2S3,1.63
SnS,1.10
SnSe,0.91
Tl2Te3,0.51
TlCl,3.21
TlSbS2,1.88
Zn3As2,0.86
ZnGeAs2,1.16
ZnO,3.31
ZnS,3.85
Bi4PdSe4O12,2.06
Cd3In2S2Te4,1.23
SbSI,1.99
Pb0.8Se0.8Ge0.2Te0.2,0.36
Ag1.75InSb5.75Se11,0.94
K2Dy2Ti3O10,3.38
ZrS2,2.75
CaTe,4.07
GeI2,1.50
InSb,0.18
Ir0.67S2,2.00
Pb2MnO4,1.50
GaSe,2.05
SrZnSO,3.10
Ge0.653Si0.347,1.91
InAs,0.46
Cu2Ta4O11,2.60
K4GeS4,0.80
Ge0.6Si0.4,0.90
AsI3,2.54
Mg2Sn,0.28
K2CsSb,1.00
Ho2Mo3O12,1.68
Li4HgGe2S7,2.75
BaGa2GeS6,3.23
InP,1.27
TlBr,3.05
SiB3,2.00
PbTe,0.62
RbI,6.10
KSbS2,1.80
SbSeBr,1.84
As2Se3,1.77
CoSb2,0.17
Hg0.8Cd0.2Se,0.95
Cu2Te,1.02
LiMgN,3.20
RbCuSb2S4,1.60
Sb2O3,3.20
ZnTe,2.24
PbTe,0.31
NaBiS2,0.40
Hg6P6In2Cl9,3.13
GaS,2.62
Sn3WO6,2.49
TlBr,3.02
GaSe,2.07
InSb,0.26
CdSnO3,3.00
Pb0.8Se0.8Sn0.2Te0.2,0.14
CuGaS2,2.42
PrF3,5.30
Ru2Ge3,0.52
SmTe,0.38
CsZn2B3O7,5.69
Ga0.9Sb0.9Cd0.1Te0.1,0.78
NH7Se2O6,4.81
TlBr,3.24
KPSe6,2.16
ZnS,3.76
Ga0.85Al0.15As,1.60
GaAs,1.43
Ga0.05P0.05Zn0.95Se0.95,2.40
KFeCuTe2,1.06
AsBr3,2.60
Zn0.5Hg0.5Se,0.60
Ga0.7In0.3As,1.00
Bi2S3,1.30
TlBr,3.10
ReS2,1.00
CdMoSb4O10,3.40
PbCl2,3.94
Ga1.002Sb0.998Se0.006,0.70
As2O3,4.00
InSb,0.16
Na2BaGeS4,3.70
Ba2GaDyTe5,1.13
NaB15,0.32
AlP,2.53
Bi2Te2.97Se0.03,0.16
AgBiS2,0.90
SnGa2GeS6,2.04
InS,1.90
NiTe,0.23
TlSe,0.71
Pr2YbCuS5,1.25
KInSnS4,2.30
GaAs,1.43
Mn15Si26,0.70
La2O2MnSe2,1.60
Er3Te4,0.90
RbTbSe2,2.50
Zn0.5Cd0.5Se,2.90
Na2Ge2Se5,2.38
PbCrO4,2.25
Ag0.5Pb1.75GeS4,1.83
CsEr9Cd4Se18,2.09
CdCl2,5.80
ReS2,1.10
Cu3TaS4,3.00
Pb0.99Sn0.01Se,0.17
GaTe,1.66
AgCd3PS6,2.56
Cu3YTe3,0.72
TlInSe2,1.19
Bi2Te2.7Se0.3,0.21
CuGaTe2,1.18
K2HgP2Se6,2.25
Tl2PrInSe4,0.93
Gd2ZrS5,1.88
Pr2S3,2.68
PbBiO2Br,2.47
YbS,1.10
K6Cd4Sn3Se13,2.33
Pb0.75Ge0.25Te,0.44
CdSb,0.47
BeTe,2.89
Pb0.96TeGa0.04,0.37
NdLuSe3,1.61
Bi6Cu3S10I,0.72
LiH3Se2O6,4.90
BaLa2In2S7,1.87
Li3Cs2B5O10,7.30
TlScS2,1.51
InSe,1.36
SbSBr,2.17
Zn0.75Hg0.25Se,1.40
K2Ge4Se8,1.80
CdSiP2,2.10
ZnGeN2,3.20
KAsSe2,1.62
GaN,3.30
Cu2Te,1.04
Dy2Mo3O12,1.92
Li2PtO3,2.30
PbSe0.01S0.99,0.37
Si2Te3,2.00
Eu2SnSe5,1.07
Ba6Sn6Se13,1.52
As2S6,2.35
Rb2CdBr2I2,3.35
Cu2Ga4Te7,1.08
Ba2In2Se5,2.12
Cs3Sb2I9,1.89
Cu3SbSe4,0.31
Ag0.5Pb1.75GeSe4,1.51
Pr2S3,2.60
Sr2V3Se5O18,2.47
InSe,1.19
Nd2HfS5,0.70
Nb6VSb3O25,3.20
TeSe3,1.40
Na2Ga2SnS6,2.29
Sn2BiSI5,1.32
Ag3SbS3,1.77
TlS,1.36
K10Mn4Sn4S17,2.30
GaSb,0.81
Bi2Te2.7Se0.3,0.20
PtSb2,0.40
AgGaGeS4,3.00
KCu2SbS3,1.53
TiCoSb,0.95
InS,1.90
Ag3SbS3,2.13
PrTaN2O,2.00
Pr2Sr2PtO7.07,3.05
InSb,0.24
KBiS2,0.86
Cs4In8GeSe16,2.20
Tl6CuTe2O10,2.30
InPS4,3.12
BaCuTeF,2.30
Ge0.2Si0.8,1.10
Ba5In4Te4S7,2.13
CsMn4In5Se12,1.79
CuInSe2,0.95
PbN6,2.98
LiSbS2,1.36
GeS,1.61
AlSb,1.69
Be3N2,3.80
AlSb,1.70
Cs39Cl6Ga53Se96,2.74
Zn0.43Cd0.57Se,2.90
Ag2SnS3,1.26
AlP,2.42
Cu0.4Ga1.6S2.6,2.50
Cs3Bi2I9,1.80
Tl3TaS4,2.70
PbS,0.29
Be3Sb2,0.67
V2O5,2.30
Cu3SbS4,0.80
BiSeI,1.28
CuYO2,3.50
TlCr5S7Se,0.97
GaVTe2O8,3.00
CdS,2.40
Zn0.65Hg0.35Se,1.00
Pb0.95Ge0.05Se,0.28
V2O5,2.49
NaF,10.50
Bi12SiO20,3.25
VTeO5H,2.51
CdAs2,1.20
CsMn4Ga5Te12,1.55
CsI,6.30
Yb2O3,5.22
Ba2InCeTe5,1.35
CdTe,1.43
In0.2As0.2Ga0.8P0.8,2.15
CuI,3.07
PbCuSbS3,1.31
Ba2CdB6O12,4.59
Sn2BiS2I3,1.22
GeSe,1.18
As2Te3,1.68
Sm2S3,3.00
GaN,3.60
Y2O3,5.60
GaSb,0.72
GaSe,2.04
PbSe,0.28
Ag2VI3O11,2.16
GaN,3.49
LiSbSe2,0.68
InSb,0.18
Cs2ZnSn3Se8,2.12
Zn4Sb3,1.20
TlInSe2,1.22
Eu2Ga2GeS7,2.30
TlHg6Se4Br5,2.80
AlP,2.52
La2Sr2PtO7.13,2.52
KCu3S2,1.46
CuInS2,1.55
RuP2,0.80
SnGe,0.80
Hg0.9Cd0.1Se,1.50
Cu2O,2.67
CdCuSe2O6,3.33
PbTe,0.31
AgP15,1.47
SmSb,0.59
IrAs2,1.00
PbTe0.5Se0.5,0.29
KScSe2O6,5.40
CdGeP2,1.80
Cu2Ta4O11,2.70
ReS2,1.33
Pr4InSbSe9,1.89
Cd0.6Te0.6Al0.4Sb0.4,1.80
Cu2Ta11O30,2.59
Tl2TeI6,1.50
La10OSe14,2.04
NaNO2,3.10
K2La2Sb2S9,2.20
AgPdI3O9,1.50
Bi2Mo3O12,2.90
Se0.2Te0.8,0.40
Ga0.2Al0.8P,2.43
Ag3SbS3,2.17
InSb0.2As0.8,0.12
ZnSe,2.81
MnAl3,0.58
InN,2.11
TaGaS2,2.54
CuBr,2.99
MgSe,5.60
EuTm2Se4,1.80
BaTeMo2O9,3.12
Mg3N2,2.80
Ba2InSbSe5,1.92
TiTlSe2,0.56
Ca3La2Sn3S12,1.45
Cs2PtI6O18,2.40
BiSI,1.64
EuCu2SnS4,1.85
GaSe,2.16
Na2BaGeSe4,2.25
ZnS,3.54
Sr3GeSb2Se8,0.75
K2Ho4Cu4S9,2.43
La2CoTiO6,1.02
In0.8Al0.2P,1.70
Zn3As2,1.11
Cu2ZnSnSe4,1.44
Ga0.1P0.1Zn0.9Se0.9,2.30
LiBi4Nb3O12,3.00
K3Ga3Ge7S20,3.25
K2Au2Sn2Se6,2.28
TlCl,3.20
TcS2,1.00
SnO,3.00
GaTe,1.52
GaAs0.75Sb0.25,0.65
BaIr2Ge4Se6,1.33
KInTe2O6,4.00
ZnSnO3,3.90
Mg2Sn,0.18
Ca5Bi14O26,2.60
Ga1.001Sb0.999Te0.003,0.72
YNiSb,0.29
SrO,5.70
Gd6Ge2.5S14,2.20
KZrPSe6,2.00
Ba5CdGa6Se15,2.60
Ag3SbS3,2.20
MnTe,1.25
Ag2S,1.00
Ag3AsS3,1.86
Ag3SbS3,2.17
AgGaSe2,1.65
AgGaSe2,1.80
AgSbSe2,0.58
AlP,2.50
AlP,3.63
As2S3,2.20
As2S3,2.32
As2S3,2.43
Bi0.6Te3Sb1.4,0.20
CdAs2,0.89
CdGa2Se4,2.27
CdGa2Se4,2.50
CdP2,2.11
CdS,2.57
CdSb,0.49
CdSe,2.26
CdSe,2.18
CdTe,1.59
CdTe,1.49
CdTe,1.52
CuFeS2,0.53
CuGaSe2,1.63
Dy2S3,2.91
GaAs,1.52
GaAs,1.42
GaAs,1.58
GaAs,1.43
GaAs,1.43
GaN,3.80
GaS,2.38
GaS,2.53
GaSe,1.97
GaSe,2.09
GaTe,1.42
GaTe,1.80
GeSe,1.17
GeSe2,2.36
In4Te3,0.57
InAs,0.36
InAs,0.41
InAs,0.40
InAs,0.41
InSe,1.18
InSe,1.20
InSe,1.32
InSe,1.35
KI,6.38
Mg3As2,2.60
NaBiSe2,0.28
PbS,0.31
PbS,0.29
PbTe,0.19
RbI,6.36
Sb2S3,1.63
Sb2S3,1.72
Sb2S3,1.71
SnS,1.20
SnS,1.18
SnSe,0.94
Tl2Te3,0.48
Tl2Te3,0.70
TlCl,3.50
TlSbS2,1.54
Zn3As2,1.09
Zn3As2,0.98
ZnGeAs2,1.05
ZnO,3.35
ZnS,3.87
ZnS,3.60
ZnSe,2.67
ZnSnP2,1.30
ZnTe,2.39
ZnTe,2.25
ZnTe,2.29
ZnSe,2.76
ZnSnP2,1.66
ZnTe,2.40
"AgCNO,65",0
Al13Ru4,0
SiTe2Os,0
HoMg2,0
UAl4,0
SmCoC2,0
Ag9Pb4O12,0
"NaZr2TiF11,12",0
ScRh,0
HoSi2Pt2,0
"Li3VOF5,1",0
Ti2ZnS4,0
KV6O11,0
ErMg2,0
CsAs2Ru2,0
In2Pt,0
Rh3Pb,0
Ba3CrS5,0
Si2SbO6,0
ReBiO3,0
MgSc,0
Cu10Sb3,0
Ce2Ti2O7,0
Sr8Fe3N8,0
Re3P4,0
TiPO4,0
SrCd,0
NbOsPb,0
ZrGeRu,0
Y2Ru2O7,0
La2Rh7,0
Hf4Al3,0
Dy2TlCd,0
SrNi5As3,0
Cr2SbTe,0
DyNiSn,0
Zn2SnN2,0
TiAlAu2,0
Dy5Sn3,0
Yb2MgS4,0
Mg2RhAu,0
CeSi2Pt,0
NdAu3,0
"Li3Mo2P5O18,2",0
Tl16O15F17,0
DySi2Cu2,0
Ga5Pd13,0
CeTl3,0
Ni3S4,0
"Sr2MgReO6,225",0
"NaLu(Pd3O4)2,200",0
Na2Tl,0
Tc3Pd,0
"Ce3Ta(ClO2)3,176",0
"BaAlCu4O7,186",0
CrSiCu2,0
Nd4MgRu,0
Hf5CuPb3,0
Lu2Mn12P7,0
DyBiPt,0
CrNiAs,0
ZrMo3,0
Cu4Pd,0
Li2Ga,0
La3B2N4,0
Mg9CuO10,0
Au3S,0
RbCd13,0
"TbBa2IrO6,225",0
Cu9O13,0
Ni2PO5,0
SrV13O18,0
NaNi2O3,0
Th2CrN3,0
Sc5Bi3,0
Hf3P3Pd4,0
Mg17Al11Pd,0
EuZn,0
ReRuOs,0
Y2Ge5Ir3,0
Zr3Ir,0
"Li4Cu(PO4)2,7",0
Sm2Fe17,0
Ni2Mo3N,0
"Li5Fe2Ni3O10,2",0
NaSi2Pd3,0
Y3Ge4,0
Mg2AgIr,0
ThAl,0
NdInAu,0
Sc2GaIr,0
GdInIr,0
GePt2,0
LiGaAg2,0
YbH3O3,0
ThPSe,0
SmAg,0
Cr10Sb3Te7,0
ZrAl5Ni2,0
ZrPd3,0
Te2Au,0
Sm6Br13,0
Ba5Ge3,0
La2Si5Rh3,0
Nd2IrPd,0
Ag7NO11,0
V6PbO11,0
Nd3Ge5,0
ReIr3,0
ZrNiSn,0
MgAs4Rh6,0
CeSbO3,0
NdCo2Si2,0
Nd5Ge4,0
Rb3Mn,0
Ba5Al2Ge7,0
LiThAu2,0
Sn5B2Rh6,0
Tl2CdTe4,0
EuCsF3,0
YbNd3,0
LiV3O4,0
Ag3RuO4,0
LiAlRh2,0
LaAl4,0
PrMo3,0
KOs2O6,0
Rb5Tl3O,0
"YCu3(WO3)4,2",0
La5SmS8,0
Eu2Ga9Rh3,0
USi2Ni2,0
RbMnTe2,0
MnSbPd,0
Ti13S24,0
"Sm2CuAs3O,62",0
FePd2Se2,0
SiBi3O7,0
Al2Cu3Se6,0
Sm2Pd2Pb,0
CaZn3,0
U2AlCo3,0
LiSn4Ir,0
PmSnRh2,0
HfSiPt,0
ScSi3Ni,0
YHg2,0
"Ag9Ge2IO8,12",0
U2Al3C4,0
"Li2Ni2SbO6,64",0
Th2In,0
Ti2NiH,0
"Te2MoWS2,164",0
SrAl,0
Ca3Sn2S7,0
"VCu3(PO4)4,6",0
"RbU2SbS8,8",0
YMgGa,0
Ni3Ge,0
Ca6Cu2Sn7,0
Co3W,0
YbAgGe,0
YSi2Ru2,0
LaIn,0
Re3F,0
NdAgPb,0
"Sr2ZnReO6,87",0
"Mn3Cr3(TeO8)2,8",0
Sc3Re2Si4,0
GdNi2Ge2,0
CaVO2,0
ICl2,0
Ba3Te,0
NdSi2Ir2,0
MnTcOs,0
B5Mo2,0
Zn3Cu,0
Yb3Ti3O14,0
"Li2MnO2F,63",0
Nd3Ni13B2,0
InPt,0
CuSeO3,0
CaTiO2,0
NaLi3,0
VTc,0
"LiY(CuP)2,164",0
"LiMnP2O7,11",0
U5Ge3,0
YZn5,0
"Li4FeNi3O8,2",0
"NdMnSbO,129",0
TiFe2Sb,0
EuMg2Bi2,0
"KCuPO4,61",0
PrLuIn2,0
Rb2FeI4,0
"Ba3ZrRu2O9,194",0
Gd3Al2Ni6,0
LaAl12O19,0
FePd3,0
"Na2Ti2Sb2O,139",0
LiCa2Mg,0
TiFeH2,0
BaMnO3,0
YDyAg2,0
ReSn3,0
Cu25Se26,0
Ag2BBr,0
HoCu4Pd,0
CsIrO3,0
Cs2Mo15S19,0
Zr2CuS4,0
Mn5Ge2,0
KTm,0
Fe2O2F3,0
La2Ni5B4,0
LaIn2Ir,0
Cs5Mo21Se23,0
Ti4ZnO8,0
Yb5Au4,0
Tl5Te3,0
K2Mn3S4,0
Sb2Te,0
ZnSb3,0
GaFeNi2,0
Ho3Hg,0
ErCu2Ge2,0
CeBC,0
V12P7,0
LiMnO2,0
Dy12Co7,0
Sc5Pb3,0
LiCu2Ge,0
"Cu3Se2(ClO3)2,12",0
SmHoZn2,0
LiCu3O3,0
BaAs2Pd2,0
Pm2PtAu,0
CeInIr,0
Dy2CuOs,0
Y2C3,0
"NaZrCuTe3,62",0
HoMgAu2,0
La2B4Rh5,0
CuCN2,0
La4In5S13,0
YB2C,0
PW5O17,0
RbC8,0
YErRh2,0
MnP2,0
BSe2Cl,0
LaV,0
FeSn,0
Nb3Te,0
Lu7Ni2Te2,0
MgSbF6,0
Li2Ni3O6,0
"CrNiP2O9,62",0
HoGe,0
AgAu2S2,0
ThRu3C,0
Sn5B2Ir6,0
"Na2VCuF7,62",0
NaTi5Se8,0
Yb3Tc,0
Cr2GeC,0
HoTiGe,0
Ca3Au4,0
ZnIrO3,0
HoCdCu4,0
MgInAg2,0
Cu23Sb8S26,0
Lu2TlCd,0
Ti2TcPd,0
Na2SO4,0
Al6Ru,0
DyIr2,0
Nb3Bi,0
Mn3Al10,0
ScCu2,0
YbGa8Co2,0
YbSi2Ag2,0
CaTi4O8,0
Na5Cu7O13,0
TbFe4P12,0
NdSb,0
Sm4U4O17,0
"Ba3CaRu2O9,194",0
LiSnAu,0
DyZnRh2,0
CoAsRh,0
Sm2AgRu,0
MnCu2Sn,0
K3UF3,0
Sm2AlCd,0
Na2Cr7O14,0
TlSn,0
LuC2,0
TlCoBi,0
UAl3,0
Er2Ga9Co3,0
Nb3Ru,0
FeP,0
La2Pr2O7,0
V2TcRu,0
NdRe4Si2,0
CaAg2Ge2,0
HfCo2Si2,0
LaSi2Ru,0
Rb3Sm,0
Si2Ni6B,0
LiTlPd2,0
Ga2NiS4,0
CsTiCl3,0
ZrNi4P2,0
"FeAg3(CN)6,162",0
Bi2O5,0
FeAs2O7,0
"Ce2SiSeO4,57",0
PrFeGe2,0
"LiTiSiO4,63",0
TbPt,0
Tm2In,0
YbRh2,0
Sm3Al,0
TmAu,0
Sc2Al3Ru,0
U3Se4,0
Ce5Si3,0
Pm2LiGa,0
SmBPd3,0
Mg5Ti13O30,0
ZrSiTe,0
HoNiGe,0
LuSiIr,0
KRuO4,0
KAgF3,0
Al9Ir2,0
ZrRh,0
SmCrGe3,0
"Ba2LiFe2N3,15",0
Hf3Ni4Ge4,0
Na3In2Au,0
La2In,0
"P2H12N7Cl,2",0
Nd3Ge2Ru2,0
Ho4Ga16Co3,0
Ta22Cu3S36,0
Ti3PO7,0
"Te3MoWS,156",0
TaF3,0
YbSn2Pd,0
LiLu2Ru,0
"Nb4Co2PdSe12,12",0
Mg3Mn2Al18,0
Pr2Ir2O7,0
Li8PrO6,0
DyInAu,0
Yb2SrS4,0
Sc4Ge6Rh7,0
Na2In5Au6,0
CeCo2As2,0
EuPPt,0
Co5Ge7,0
HoMn6Sn6,0
Li17Ti20O40,0
YSiRu,0
SmAu3,0
SiHg3,0
CdPt,0
HoBi2O6,0
PmCdPd2,0
Tm2ZnGa,0
Al2CoIr,0
"MgCo2(PO5)2,70",0
Sn3P3O13,0
ScTi9N9,0
BaZn5,0
Ge5Te8As2,0
Hf3Sb,0
Hf2Al3C4,0
BaB2Rh2,0
Zn3N2,0
Ba2Ce2O5,0
LiAl2Tc,0
Zr2In5Ni,0
LuUO3,0
U2Zn17,0
CeAgSn,0
Ho2CuRh,0
Ba2Cu5F14,0
"Sr2Cu(ClO)2,139",0
YbLaZn2,0
ZrNiGe,0
Zr7Sb4,0
DyGe2Ru2,0
Mg2PdAu,0
BaNi2P4,0
"RbNa2NiO2,139",0
HoMgZn2,0
Ba4Si20Au3,0
HgPt,0
Hf2S,0
CrAs,0
MgCuSn,0
YbIn4Ni,0
Sm2IrPd,0
Dy2Sn5,0
MgFe4O8,0
LiLu2Tc,0
ThSi2Ru2,0
USeS,0
Er2C3,0
Pr3Al4Si6,0
TmBRh3,0
"Li5Mn3(FeO5)2,2",0
DySn3,0
EuSbO3,0
Tm3Ge4Pd4,0
"Li3Ni(SbO3)4,1",0
DyFeSi,0
Ta3P,0
"YbBa4(CuO3)3,223",0
NdCo2Ge2,0
Lu2Al3Co,0
Yb3Al5O12,0
CoMoP2,0
Ce5CuSe8,0
TbCo2B2,0
ErRu3,0
Al2Ru,0
MnCdO2,0
Rb3Ga,0
U3Ni3Sn4,0
TbAl8Fe4,0
LuCdAg2,0
Cr7C3,0
BePd3,0
LiAlB4,0
LuBPd3,0
Ca5Ir,0
Ho2Au,0
ThPd3,0
Th6Mg23,0
Ca3Ga2Pt2,0
PrGaAu2,0
Sm2In,0
Mo3Pd2N,0
Y2AlZn,0
SmIn2Rh,0
Na3W4O12,0
Al9Rh2,0
"PH2NO2,67",0
"Li6Mn5FeO12,12",0
"CoH2(SN)4,14",0
Ba3PN,0
Zr5Al3C,0
"Li3Mn3WO8,166",0
"LiFe2(SiO4)2,1",0
Sc6Te2Os,0
NaBi3,0
TmCu2S2,0
Ce2Al2Co15,0
LaSi2Ru2,0
AgW6Br14,0
Ba3Co10O17,0
LuScRh2,0
LaBPt3,0
"Li5Mn5(SbO6)2,5",0
Be12Pt,0
LaZnAu2,0
CsScBr3,0
ErSiPd,0
SmSnPd,0
Hg2Rh,0
"Eu2BaMn2O7,63",0
"Mg2GeB2Rh5,127",0
KHg11,0
NdSmHg2,0
PrInAu2,0
Li3Co4O8,0
CdRhF6,0
UCo2Ge2,0
Tb3Ge5,0
Yb2HgPb,0
YSi2Cu2,0
Li4VF7,0
MgIn3,0
CeMg2Ag,0
KNb2Se,0
Fe4O7F,0
EuCu9Sn4,0
La2CuO4,0
CaCo4S8,0
MnCoSi,0
GdGeRu,0
Al10V,0
EuPd,0
YbMn2As2,0
Ni23B6,0
Gd2AlCo2,0
U2Cr30P19,0
YbI3O9,0
BiAs2Os,0
Yb4Ba3O9,0
ZnFe2N2,0
Zr6NiCl15,0
Er5Si3,0
Hg2Sb2O7,0
Co5RuO8,0
ScGe2,0
Li3Si3Ag2,0
Dy4CdRh,0
BeGaRh2,0
"Ba3NaIrO6,167",0
ScZn2,0
Mg3Rh,0
Sr3Sn4Ir4,0
TiMn2Ge,0
Sc6FeSb2,0
Pm2LiAl,0
Hf2Fe,0
"Cr3Ni(PO4)6,146",0
PrAu,0
TmMgAg2,0
Ho5Ge10Rh4,0
"SrNi2(PO4)2,2",0
TaAl3,0
CeB2Ir3,0
Hf6PbO18,0
"LiLa2IrO6,14",0
FeCo2Si,0
Ca2CdPb,0
YAlGe,0
ZrAlRu2,0
YbBO3,0
In11Cu9Se20,0
TmIn3,0
UGeRh,0
MgTi11O20,0
TbNi4P2,0
TmAu2,0
YbSi2Ni,0
HoSb2,0
AlFe2Si,0
"Li3Mn2CuO6,12",0
Li7Mo12S16,0
V5SiB2,0
ThIr5,0
"Li2Fe3NiO8,160",0
Tb2Ti3Ge4,0
TiCoSn,0
Hf5Te4,0
Y3GaCo3,0
Ge3Sb,0
SmSb2,0
Dy12C6I17,0
Ti2TcNi,0
TbP,0
Sr8Mn3N9,0
LiZr2Os,0
"Mg3Al9FeSi5,189",0
Co3H,0
Tb3Mn2C6,0
U11O5,0
ThMn2Ge2,0
TaNiB2,0
TmBPd3,0
Ti2Cd,0
Ba3Al2Ge2,0
DyZrSb,0
Ti11O18,0
Tb2AlCo2,0
Zn2Sb3O8,0
YH2,0
Nb3In,0
Li2PrP2,0
LaAl4Co,0
Ba3N2,0
SrCuBi,0
Yb11Ni60C6,0
NaAsO3,0
"Li3Cu4NiO8,12",0
TbSnAu,0
USbSe,0
"LiMnSiO4,63",0
RbTiBr3,0
Ti3Fe3O,0
Te2Pd3Pb2,0
"Li4Fe3NiO8,166",0
Hf2MnIr,0
ZrW2,0
Ti3Cu3O,0
La2Sn5Rh3,0
Mn2GaW,0
CaZn5,0
"Ag2P2PbO7,2",0
RbHg3,0
Li23Mn20As20,0
UFe5Si3,0
Hf5Sn4,0
"Li3Ni2(GeO4)3,230",0
Fe6O7F5,0
HoB2Rh3,0
"LiSn(PO3)4,15",0
Ti4O5,0
Ni2Mo4N,0
PrIn,0
YNi4B,0
"LiZn(Fe5O8)2,160",0
Nb5Ge3,0
"Ba2ReNiO6,225",0
SmTh3,0
CrIrO4,0
CuPd,0
YMg4Cu,0
Ho3Ge5,0
HfFe2,0
LuAl2Pd5,0
Na19Zr11S30,0
Li2CuF6,0
Sm4MgRh,0
Zn8Ag5,0
Cu3Bi4I16,0
TbInAg2,0
W3O7F,0
YbAl3,0
Lu2CdAg,0
HoAlAu2,0
LaP3,0
LaScSi,0
U2Re2C3,0
"Na5Fe6(SiO3)12,5",0
HgIrO3,0
TbNiGe2,0
"V2Sb(PO4)3,167",0
ErPbAu,0
Hf2Hg,0
Ca3BiSb,0
CsWCl6,0
TiGaIr2,0
HoB4,0
LiTm2Ru,0
Ti2CoGe,0
Tm3GaC,0
Nd4O3F7,0
LiCa2Ga,0
LaFe4As12,0
Ho3AlC,0
CaB2C2,0
YSi2Pt2,0
"Sc2FeB2Ir5,127",0
U3Bi4,0
EuSnO3,0
EuMn2Ge2,0
EuNi12B6,0
NdErTl2,0
MnCu3,0
LiAlGe,0
ZrHCl,0
SrAg,0
YbAl2Ga2,0
Nb2Sb,0
"Ba2LaIrO6,12",0
MgScAg2,0
Fe10O9F11,0
YbAl2Ge2,0
TmSb,0
"TiV4CuO12,5",0
RbTmO3,0
Ce8U2O21,0
Dy2ZnIn,0
"Li2Fe3NiO8,212",0
ZnCrO2,0
"Li2Ti3FeO8,160",0
Sc3BPb,0
TaCoSn2,0
TiTc2Sb,0
Li3V12O29,0
Nd2CdIn,0
Na8PO3,0
BeFe2Si,0
"CuP2(HO3)2,14",0
U2Ti,0
DyAgHg2,0
Al4Cu2O7,0
CeSI,0
"BaMn4ZnO8,162",0
Ce2Fe17,0
HoTiO3,0
Zr3Al4C6,0
Li7Ni11O22,0
Cr2HgSe4,0
Ho5Si4,0
CeCo4B4,0
Li2LaTl,0
TbNiO3,0
Ga3Pt2,0
"Mn3V2(SiO4)3,230",0
"LaMg(FeO3)2,31",0
YbGeRh,0
CaCu5,0
SmC10,0
ThSi2Ru3,0
Zr3Hg,0
Ga9Rh2,0
CaInAu,0
Nb3IrSe8,0
UCoSi,0
DyBiPd,0
LaIn4Au2,0
LiAl3,0
EuZn2Ge2,0
"VAg(PSe3)2,5",0
"Y2Fe2Si2C,12",0
La3ZrSb5,0
Sr2GeN2,0
VFeRu2,0
U4N7,0
Al6Fe,0
"Cs2SeClF6,225",0
Hf5Si4,0
MnCo4O8,0
LiMg2Ag,0
"Ba3Nb2CoO9,164",0
Na2LiTa,0
CaNi5,0
Yb23Mg4Cu7,0
CdAg,0
PrGeAu,0
KNb2O5,0
LaHg,0
V3Si,0
ScAlNi2,0
Sm3Zr,0
ZnWO2,0
Zr2HBr2,0
InPt3C,0
"BaLa2CoS5,140",0
SrZnSb2,0
Ta6Ni16Ge7,0
Ca5Au2,0
"Rb2NaVF6,225",0
Hf54Os17,0
"Rb4Si2CuO7,2",0
HoCd,0
Cd2PbO4,0
SrSbAu,0
Na3Re,0
"Mg4Sc3(SiO3)8,3",0
"Li5Co2O2F5,139",0
SmHgPd,0
"NaFe2(SiO3)4,5",0
BeCu,0
PrSm3,0
YbZnAu2,0
InSiTe3,0
HgPt3,0
Yb2InPd2,0
Li11Mn13O32,0
YScO2,0
Sb2XeF14,0
"LiNiP2O7,15",0
AlSn,0
Li3C,0
VP,0
ZrSe,0
RbPdF3,0
DyInCu2,0
Zr5Sb3,0
La2PdO4,0
ZrInRh2,0
TiAl,0
"Li2CrCo3O8,5",0
Er2Mg3Ru,0
YbTlS2,0
"Li2Fe3SnO8,4",0
NdFeSi2,0
NiGePt2,0
Dy2MgTl,0
"YbCaInSe4,62",0
PrCo2Ge2,0
Sm2IO2,0
NdMg2Ni9,0
TbCu5,0
YAgO3,0
Be2HgTe,0
AlIr,0
CsInI3,0
Tl3Cr,0
ZrSi2,0
Zn2Ni9O13,0
CoP4O12,0
Pr5In11Ni6,0
"Li8Ti16CuS32,1",0
NdMg2,0
La3Ge3Br2,0
"Sr2Li2Nb3O10,42",0
"Li2Si4Ni5O14,2",0
HoCo3,0
YbPr11Se16,0
Sm3OsO7,0
Al4Cu9,0
LiGaAu2,0
Zn2BIr2,0
TmCu4Ag,0
BaSi,0
Mg2CrN2,0
CeTlZn,0
Eu2CaO3,0
TmMg2Sc,0
CuN2O6,0
Sm5Br11,0
Hf3P,0
Ti2C,0
NaHg,0
AgGeO3,0
UFeSi,0
ErAl20Cr2,0
"Ba6In2NF,225",0
U4S3,0
Tl3Ir,0
Ce4Bi3,0
NiI,0
Pm3I,0
Pm2IrRh,0
TmCoSi2,0
SbPd3,0
Yb2Ce8O19,0
Li6Ni5O10,0
Ho3Ni19B10,0
BePd2,0
Ni2Ge,0
Mn5O7,0
YCo2,0
Li7Ti5O12,0
"RbCuPdF5,62",0
BaTl3,0
SmSnRh2,0
"EuCuSeO,129",0
NdSbPd,0
"YbH2ClO2,11",0
U4Re7Si6,0
MgTi4S8,0
TaGaPt,0
SmCuO3,0
CoPbO3,0
Li2Cu2S3,0
Pd16S7,0
HoSi,0
TaPt3,0
Si4Cu5O14,0
CdPd,0
Tm2ZnOs,0
SmCdHg2,0
CaZn3Ni2,0
Pm2LiSi,0
TiZn3,0
Eu2ReO5,0
PmDy3,0
HfGaCo2,0
BaNb4O6,0
DyGe,0
DyRh,0
Ti2BRh6,0
Ba8Ta7O24,0
RbF3,0
TmAlCu,0
FeRhO3,0
NbGaCo2,0
CaHg2,0
PmCd3,0
Ti2CoS4,0
Mg3Ge,0
"K3LiNb6O15,7",0
"Ba2FeReO6,225",0
UAl8Fe4,0
LiCu3F7,0
Bi2Pt,0
"LiV2NiO6,15",0
Si2Ru,0
Fe3B,0
"SnSb3(PO4)4,6",0
CsMnSb,0
VZnRu2,0
Cu6PbO8,0
La3AlN,0
Pr3I,0
LiMo3O8,0
Dy3Cu4Ge4,0
Sr5Bi3,0
AlNi2,0
MgV4O6,0
DyS2,0
YbLi2Pb,0
Pr2InPd2,0
TbGa,0
EuTl,0
ZrRe2,0
CsNb6I11,0
HoInAu2,0
"Li2MnCo3O8,186",0
Li3Dy,0
K4C2O3,0
NdSnRh,0
HoCd3,0
TiOs3,0
Nb3Fe20B6,0
YbPO4,0
"Y3Al3NiGe2,189",0
Nb2Co3O9,0
HfTl3,0
HfNi5,0
"SrLa3MnO8,63",0
CaGa3Ni2,0
NdTe,0
Eu2CuO4,0
"Nb3V(PO4)6,146",0
YbLa5S8,0
TiPd,0
ScZn3,0
HoSb2O6,0
CsCaO3,0
"Li13Nb14ZnO42,1",0
LuPt3,0
PrIr2,0
V3Pt,0
SrB2,0
Tl8Os8O27,0
Bi12Rh12O41,0
Sm3Sb14Te24,0
PrTmTl2,0
"Li3V4FeO12,5",0
Na11Bi5O16,0
Ca2PbAu2,0
Hf3Si4Cu4,0
"Cu2HgGeSe4,121",0
Na2In,0
KHg2,0
Sm3AlN,0
LuMnSi,0
CaMn2As2,0
AlAs,0
"AlFe4(CuO4)3,204",0
"SmNi2B2C,139",0
"La2Nb2N2O5,1",0
SmSi3Pt5,0
Pr2Au,0
UAlNi4,0
"Ba2ScIrO6,225",0
MgTl,0
Na6CoSe4,0
Yb6U3O17,0
Mn2Hg5,0
"Mg2CuWO6,1",0
TmFe2Si2,0
ScSnPd,0
TaAlPt,0
"Ba2UCuO6,139",0
Co2B4Mo,0
Li2MgIn,0
YCdPd2,0
UMn2Si2,0
Ge2Os,0
DyCoSi2,0
Na6FeS4,0
NbSi2,0
Te2Pd3,0
BaFe2S4,0
ScSbRh2,0
"Ti2Sb(PO4)3,167",0
Rb5W8O30,0
TmPd,0
Hf2ReRh,0
TbBe13,0
"LiCo(CO3)2,148",0
Zr2Co12P7,0
Li2Fe5O10,0
Ta2OsW,0
EuNi2As2,0
LuHfRu2,0
Sn3Pd,0
Ca6Ag16N,0
HfVSi,0
TmCu2Ge2,0
Na3Tl,0
"Te2Mo2WSe4,156",0
Ru3Cl,0
Nb5OF14,0
"LiBi2(PO4)3,15",0
ReF6,0
CaHfZn,0
SrMgIn3,0
"K2B10H9O,14",0
SiSb3,0
Sc8Te3,0
Fe12As5,0
"Ba2FeMoO6,225",0
"LiMnCuO4,74",0
La3NiBr3,0
"InFe2CuSe4,121",0
"Li3CrCo3O8,166",0
Ag3Pd,0
Al3Tc,0
"Li3Co(NiO2)4,12",0
NdIn3,0
CrCoPt2,0
Sm2RuAu,0
SrSb12Ru4,0
La2PC,0
Tm2Ru2O7,0
YbFe4Ge2,0
Sc6NiTe2,0
ZnSn3,0
"Li2Nb2(PO4)3,15",0
"YB2Rh2C,139",0
"Ba3NaIr2O9,194",0
Ce2Sb,0
BaTi4O8,0
AlPd5I2,0
SmMn2Ge2,0
PrCd,0
"Ce3MnAlS7,173",0
Zr5Sn4,0
Li7Ti7O16,0
GaFe3,0
Na15Sn4,0
ErAgSn,0
Dy5Pb3,0
Ba3Li4Sn8,0
Li6FeO6,0
NiP4O12,0
Sm2P3Pt6,0
CaZn2,0
Nd4Ge3Rh4,0
ErZn12,0
PtN,0
Ag3AsO4,0
Ca3In,0
LaCu6,0
PrFe2Si2,0
"Li3Ti3(PO4)4,4",0
Hf2Ge,0
Ti2ReRu,0
Ca3BiAs,0
Yb3V,0
Cu8O,0
Sc3GaC,0
PrGe3,0
Hf2Co4P3,0
Tb3Si,0
"VNi5(PO4)6,146",0
TbGe2Pd2,0
EuFe2Si2,0
TbTl,0
GdCd2,0
Ca3Al2Ge3,0
Al5Rh2,0
MgFe2S4,0
SmLuTl2,0
Ag7S2I2,0
TiI,0
Mo5O14,0
LiCd2Rh,0
Lu5Si3B,0
"Cs2NaMnF6,166",0
KFe2As2,0
EuAl2Au2,0
HfZnNi2,0
InSiIr,0
Ta4FeTe4,0
CsMg149,0
La3Os2O10,0
Mg2MnN2,0
HoSi2Os2,0
"Li2Fe2(PO4)3,15",0
SrCe2S4,0
BaAu2,0
ErNi4Au,0
PrMn2Si2,0
ZrFe4Si2,0
P2O5,0
Hg3C,0
NdCr2Si2,0
Ca2GeN2,0
NaSn2,0
"TiCr3(PO4)6,146",0
Nd2Ru2O7,0
W2N,0
YbTbHg2,0
BMo,0
CsAgCl3,0
W2C,0
"Cs2NaCoF6,166",0
DyAl8Cu4,0
DyInPt2,0
LaSi2Os2,0
TmSnRh,0
TmB2C,0
"Li2MnCu3O8,212",0
Ho3Pd2,0
La10Si8O3,0
Ce2Co5B2,0
Ca2Mn9O13,0
YbKSe2,0
BaTi14O28,0
Nb40N21O16,0
YbAgO2,0
TmGe2Ru2,0
"Ca3Cu2(ClO2)2,139",0
GeRh,0
TbGa2Co3,0
"LiCuPO4,63",0
Ni3Pt,0
Cu3Pd,0
Dy2Ni12P7,0
TmGe,0
AgAu3,0
CdAsPd5,0
GdSbPd,0
SrTl2,0
"Zr6Al2CoH10,190",0
NdAgAs2,0
Er2Fe14B,0
Ti2CuS4,0
Na8Hg3,0
"Te2Mo(WS2)3,156",0
Tm5Ge10Rh4,0
Mn2CoAs,0
ErNiSn,0
HfSi,0
Ce3Al12Ru4,0
Yb2ZnPb,0
Mg3Bi2,0
YCdHg2,0
USi3,0
NdGe2Pt2,0
Mn3NiN,0
NbPt2,0
TbAl3C3,0
LaPt5,0
AlCoO3,0
NaIrPb,0
"ZnCu3P3O13,11",0
Tb5Tl3,0
PrCo2As2,0
CsIr,0
Mg3Ni20B6,0
Ce2CrN3,0
LuGe2,0
SrIn4Ir,0
ThU8O18,0
Rh7Pb3O15,0
RbAgF3,0
TaPd3,0
AlVCo2,0
ScGa6Fe6,0
Sm4In21Pd10,0
CaMnSn,0
CeRh,0
GeAs3,0
HoTiSi,0
AgPdO2,0
EuP2Os2,0
Li2NdSb2,0
"Cu2H3ClO3,166",0
ThGe2Pd2,0
Nb3B2,0
YAl2Si2,0
V2ZnO4,0
YAl10Fe2,0
CaMgSn,0
TaRh3,0
Lu2Mo2C3,0
Dy2Ti3Si4,0
HoC2,0
CeAl2Pd5,0
BeSiRu2,0
NdInCu,0
CaGaGe,0
NdSn2,0
MnAlAu2,0
K3Hg,0
TbSb2,0
Re3As7,0
ScCdAg2,0
TePd,0
MgInPd2,0
ZrRu3C,0
YAlPd,0
Mg10B16Ir19,0
Hf7P4,0
SbRh3,0
Ba4Nb14O23,0
PdPb2,0
MnBe2Co,0
Li5Bi4O12,0
"NdAl4Ge2Au,166",0
LuGaRh2,0
LiEr2Ga,0
SmCo2,0
IrPb,0
Ho2Co17,0
Sc2TlTc,0
TbH2,0
Er5Bi3,0
ScCrO4,0
Dy3MnB7,0
"Li3Ni3(PO4)4,4",0
Re2PbO6,0
Gd6Ta4Al43,0
Tb3FeB7,0
Ce3Al,0
CaCdPd2,0
VB2,0
CeIr5,0
EuAs2Pd2,0
Sc2GaAg,0
"Zn3Cu10(TeO6)6,1",0
Nd2Ge5Rh3,0
PmMgCd2,0
UPt3,0
Zr6Sb2Pt,0
YCr2Si2,0
Y3Si3Pd2,0
CeCu2Sb2,0
Sm2Cu4Sn5,0
Ti3SnC2,0
CuPtO2,0
B4W,0
ZrAu4,0
EuLi2Sn,0
MnTePd,0
LiLu2Pd,0
CaB2Ir2,0
Y3Tm,0
ErSi2Pd2,0
CeSi2Ni2,0
LaSi,0
Dy6FeTe2,0
In3Au10,0
Ho2Ge5Rh3,0
TmSiCu,0
"Sr2GaCo2O7,46",0
YBi,0
CeAl2Zn2,0
CeMgZn2,0
"Li4Cr3NiO8,2",0
BeSiOs2,0
BiO,0
GdO2,0
Ce2Sb3Pd9,0
ErB2Ru3,0
YTiO3,0
TmCdAg2,0
"Ce4FeSe6O,186",0
ThHg2,0
TbGa3,0
V3Cu,0
NaCuO,0
SnRh,0
Er3SnC,0
NbCrW,0
TmSi2Os2,0
NbRu2Cl,0
CaIn4Ir,0
HfPt,0
BTe2As,0
MnFeAs,0
TbMn6Ge6,0
"SrLaMn2O6,121",0
"Ce6B2(CBr)3,10",0
Be2W,0
YIn2Ni,0
RbGe3,0
Tm2IrPd,0
RbWO3,0
PmSbRh2,0
"LuNiBC,129",0
RuCl3,0
Ti2RuOs,0
Li4Fe9O18,0
SrPb3,0
"Li2U(MoO5)2,2",0
LiSiRh2,0
GdSi2Ru2,0
ZrSbRu,0
DyZnGa,0
SmCo3B2,0
Tb2C3,0
CaPrZn2,0
Pr6Fe13Si,0
Hg3Sb,0
TeMoSe,0
HoB2C2,0
LaP2Ru2,0
Nb17Ir3S40,0
CaOsO3,0
TlNi,0
GaSiRu2,0
LuIr2,0
UAu2,0
Ti2B,0
V2RuOs,0
Nd3Zr,0
Hf2Si,0
Li14Ti21O48,0
Li4WO5,0
ThAl10Fe2,0
TbInIr,0
DySiIr,0
ReCl4,0
Ce3SiPt5,0
NiAgO2,0
CaTi4S8,0
PrErMg2,0
SrCo2P2,0
K11Mn4O16,0
MgCuSb,0
Li3FeS3,0
"Ba3ErRu2O9,194",0
"Cu4W(SCl)4,139",0
Lu2MgHg,0
"Sr2CoReO6,14",0
HfOs2,0
CrMo2S4,0
"LiCo7O7F,156",0
SmMgHg2,0
ErCuPb,0
Y2Ge2O7,0
Sc2P3O12,0
"BaDy2CuO5,62",0
Li2Sn5,0
"Li5Mn2Cu5O12,5",0
GaAs2W,0
"Fe4Si2Sn7O16,164",0
Lu3Ga,0
Zr2Te,0
TiFe2As,0
V2O3F3,0
V2NO,0
"Ba2YReO6,225",0
Ce5Si3N9,0
"Fe2Cu(PO4)3,167",0
BeTcSe,0
V2Si2O7,0
"Ca2NiIrO6,14",0
Ti2AlV,0
CeAlSi2,0
Re2RuBr,0
CaGe2,0
Ta6Be15Cu8,0
Tb5Ti5O17,0
Tm2TcCu,0
MgSnRh2,0
Zr2Co21B6,0
SmNiC2,0
V8O,0
WCl3,0
Sm2Mo2O7,0
"Li2MnCo3O8,5",0
DyAg,0
Ti9O10,0
Li2MgSn,0
LiHoO3,0
LiCa2In,0
"Li4Cu(PO4)2,1",0
Mn2CoGe,0
TbCo2Ge2,0
ThSi,0
CoCu2Sn,0
"Tb3Rb2AlF16,194",0
CeMgAg2,0
NaCdSb,0
Li3Cu2O4,0
TmMn6Ge6,0
YbB2Rh3,0
"Rb2NaNiF6,225",0
"NdCu3(RuO3)4,204",0
Dy2AlCo2,0
Cr4As3,0
AsAu3,0
Lu3InN,0
BaAl2,0
ErCu,0
Fe3N,0
"Sr3Li4La5O12,6",0
EuSnAu2,0
VSb,0
"LiMgSnPd,216",0
Fe2S,0
Ho3P,0
PmMgAu2,0
SbPt3,0
NaTa3,0
Cd2AgRh,0
Pr2CdSn,0
"Li3Mn2(CoO4)2,1",0
CeHg,0
LaCd2,0
SmTmZn2,0
ThAl3,0
SnP3O9,0
HfV2H4,0
Cr4Cu3Te8,0
"Li6Fe3Co7O20,10",0
ZrTiF6,0
"Ba7Ru4Br2O15,166",0
HfCo3B2,0
EuRbO2,0
CeAsPd,0
ScSbRu2,0
"Sr2YReO6,225",0
"EuCuSeF,129",0
Al21Pt8,0
"YbBa2(CuO2)4,65",0
EuKS2,0
Ba5In4Bi5,0
Cu7Hg6,0
CsSn3,0
Ta2N,0
LiHg2Pd,0
PmHgAu2,0
Mn5O3F5,0
Zr4AlNi2,0
TaW3,0
SmHg3,0
Sr8Al7,0
Hf5Pb,0
CeB2C2,0
SrTlHg2,0
Ti3Pt5,0
Cd13I28,0
Mn2AlO4,0
CaAl8Co2,0
UVC2,0
ScV2Ga4,0
Ho2Pd2Pb,0
AuBrO2,0
Pr2HgPb,0
ZrGe2,0
Sr7Bi23O40,0
YbAl2Si2,0
Tm2ZnAg,0
SrGa2Au2,0
ThRh2,0
Sr3Al2Sn2,0
CdAuO2,0
"Li3Mn(NiO3)2,12",0
VIr,0
Cr3N2,0
TbHg2,0
MgMnO3,0
Y4AsSe3,0
"Li2TiMn3O8,166",0
LiTi11O20,0
"Li2CrCuO4,74",0
UGaNi,0
Sm4Al23Ni6,0
TmScHg2,0
"Li2Ni5(PO4)4,2",0
Tb3La,0
Sr3Sb2,0
KMo6S7,0
Th3B2C3,0
TaBe2,0
Ti2Be17,0
Tm2AlOs,0
HfB4Ir3,0
Dy3InC,0
BaTi4O7,0
"LiCo(CO3)2,12",0
La2Ge5Ir3,0
V6AgO15,0
"Li3Fe2SbO6,12",0
Pr2Co12P7,0
Hf4Co4Si7,0
Cr2CuTe4,0
PrCo4B,0
SmSi2Ag2,0
YbLiF4,0
UCu2P2,0
ScBIr3,0
Ho3GaC,0
Mn2Tl2O7,0
YbTlSe2,0
Rb28Mg9In51,0
"Sr2MgIrO6,225",0
ScPPt,0
Mg23Al30,0
AlCu3,0
Y2CuO4,0
Sc3Mn2Ga6,0
HoNi2B2,0
MgSn4O8,0
YMgCu4,0
Bi2B3O9,0
SrMnGe,0
SmErMg2,0
"Li3Mn3NiO8,12",0
In2Co,0
LiBePt2,0
PrAgAs2,0
La2Fe2I,0
Lu3BC3,0
"Cu9Se4(Cl3O7)2,12",0
TiSe,0
Nd5Ge3,0
Pt3PbC,0
"Ba2SmCu3O7,47",0
"Li3Cr3(CuO6)2,14",0
Nb3Os,0
RePO5,0
ScGa2,0
LuScZn2,0
Nd4Mg3Co2,0
CeHSe,0
U2Co21B6,0
U2MnN3,0
NdRh,0
"Li6Fe9CoO20,6",0
HfTiF6,0
YWO3,0
Sc11Al2Ge8,0
CsGa7,0
TiAuCl,0
Li13Ti22O48,0
ThFe2Ge2,0
Sr8Co8O23,0
"Sr3Co2S2O5,139",0
YAs,0
Tm2ZnHg,0
Dy2C,0
HfB,0
DyZrRu2,0
Pt3Pb,0
Mg2Ga,0
ZnAgF5,0
LiCoS2,0
Ca11Bi10,0
Ce9SmO20,0
Y2ReB6,0
Ca4Al3O10,0
"Li3V4NiO12,5",0
Zr7P4,0
LaPd3S4,0
LiTi3O6,0
YSn3,0
MnNi,0
Th2Fe7,0
Mn3O2F6,0
Tl3Pb,0
ErBPd3,0
Nd2Fe14B,0
DyMn2,0
Mn7O7F,0
Y4CuTe8,0
AsSeBr,0
SrIn4Pt,0
Mg2Cu,0
NdP2Ru2,0
Y2Mo2O7,0
"Li9Fe3(WO4)7,160",0
LiHfPd2,0
EuNaO2,0
YTmCu2,0
BeAlB,0
HgRhO3,0
CoW2O8,0
In3Pd5,0
Ca3SbN,0
EuCo8P5,0
NaCd2Au,0
RbSbO3,0
CaSi2Pd2,0
CsMo3O9,0
Hf3Zn3N,0
ErNi4B,0
PrMgAg2,0
CeSiIr,0
Ce3In3Ru2,0
"CsUCuS3,63",0
Hf5Sb9,0
CeNbO4,0
TmNi2Ge2,0
LiAl2Rh,0
LiCaO3,0
Ni4Bi9O18,0
"Mg2TiIrO6,14",0
Al2CrS4,0
"Ba2CaReO6,87",0
TbZn2,0
PrMgGa,0
TbZrSb,0
TmTl,0
"RbUAgS3,63",0
SrIn8Rh2,0
"Li8TiNi7O16,1",0
DySnRu2,0
CaPd3C,0
Ti2ReRh,0
EuCd11,0
"Li3Fe(CoO2)4,2",0
LiCa2Ge3,0
Pr7Mn8O24,0
Zr5Sn3,0
Li8BiS6,0
Tb3ReO7,0
Zr4Co4Ge7,0
ZrCrSi2,0
MnSnRu2,0
SiAu3,0
"Ba2DyCu3O7,47",0
ScIr,0
SrRu2O6,0
"ThMn4(CuO4)3,204",0
HoSi2Ru2,0
"Li5Co2Ni3O10,10",0
PrGe5,0
"Na3Mn2(GeO4)3,230",0
Cu2Sb,0
SmSi2Ni2,0
TlW3O9,0
NbHg3F6,0
Cs2CrCl4,0
YbPmPt2,0
Na2Cl,0
Li2DyIn,0
Hf2OsPd,0
"Mn2Cu(PO4)3,167",0
EuAgSb,0
LiInSn,0
Mg2SiPt,0
TmSnRu2,0
BaSn4O8,0
CoN,0
Hf5Sb3,0
Er4NiB13,0
NdBi,0
U3Nb,0
SmCo2Si2,0
UCo4Sn,0
ZnGaRh2,0
Li17Nb20O60,0
Mg2TcO4,0
PrSmO2,0
Sc2MnC,0
BaPd2O4,0
Mg3Ga7Co2,0
Ba5Sb3,0
CrNi3,0
Lu7Te2Pd2,0
ZnCu2O4,0
LaH2,0
"Te2W2SeS,156",0
Ce3AlC,0
Nd2BC,0
"Li6Mn5CoO12,2",0
MnGaPt,0
"Ba14Na8CaN6,176",0
ErAlGe,0
Na11Ti20O40,0
MgAgAs,0
Tb6PbSe10,0
CeLu3,0
Ta2Nb3O12,0
GdPbAu,0
KHg,0
Sc5NCl8,0
TbBRh3,0
Lu5Si10Ir4,0
EuCd2Sb2,0
NdMgNi4,0
V3CuO8,0
InMo3Se3,0
CaInPt,0
Cr2HO4,0
"Li5La3Nb14O42,12",0
HoCu2O4,0
FeCoAs,0
HfAs2,0
LiHf2Ir,0
Yb16S29,0
Nb3VS6,0
CaAl2Zn2,0
NdErZn2,0
Gd2Zn17,0
HoInPt,0
TiCoGe,0
"CeCoGeH,129",0
YMgAl,0
LiTmSn,0
Ti2RePd,0
Na8NbO6,0
Si2NiP3,0
"LiNi2(PO4)3,15",0
Sc3PbC,0
CeCd2Ag,0
Hf2Tl,0
Na10Ga6Sn3,0
YCoO3,0
Ta3B4,0
LiTm2Rh,0
CeGaO3,0
PmMgRh2,0
YCdPt2,0
LaIn5Ir,0
Sr2Co2O5,0
"KTa3CuO9,53",0
SrRhF6,0
Al2Cr2O7,0
EuGe3Pt,0
NdO2,0
CrIrO6,0
YRe4Si2,0
Pr3Cd,0
NdPt,0
TmLuPd2,0
Ti2NiSe4,0
LaReB,0
Cr3P,0
Pd3Pb2S2,0
Mn3PtN,0
Cs3V2Cl9,0
Ce3Pd5,0
TmThRu2,0
NdAl8Co2,0
Li7Ti16O32,0
YbSiCu,0
Tb2SbO2,0
"Li2Co4O7F,8",0
LiHoAu2,0
BeGaO3,0
NiCO4,0
Dy4Sb3,0
NaFe2O3,0
Lu2AgAu,0
Co2O3,0
HfAsRh,0
Zr5Al3,0
"Li4Mn5NbO12,12",0
Si4Cu15,0
Sm2TlHg,0
PrBi2O6,0
NdTlAg2,0
Zr6Al2Ni,0
"Lu2Fe2Si2C,12",0
Ca2TlCd,0
VCo,0
"CsVP2S7,5",0
Li2InAg,0
"Rb2SCl6F,225",0
LiNi4O8,0
CeP2Pt4,0
YbCdHg2,0
MnGeRh2,0
HgOsPb2,0
CeSi2Pd2,0
Sc2CuRu,0
"Sr5Cd2Sb5F,63",0
"Li4Fe7(OF7)2,1",0
SmB2Os2,0
Cr2P3O11,0
Ho4C7,0
"Ce2Cu(NO)2,139",0
La20Cu9O40,0
"KUCuSe3,63",0
BaIn2Ir,0
PmLi2Al,0
Gd3Al7Ag2,0
"Li3Cr(NiO2)4,12",0
InAu3,0
Yb3Sn13Rh4,0
CoGe,0
ErRe2O8,0
Gd2Zn6Ge3,0
ErLu3,0
SrSnP,0
CsRbP,0
Tb3Ni13B2,0
Ta2MoOs,0
"Rb2Na2IrO4,14",0
SrIn2Rh,0
CeAlO3,0
SnPt3C,0
NdNiC2,0
YNi2P2,0
PmLi2Ge,0
Zr2Ni12P7,0
ErCr2Si2,0
La4Co3O10,0
"Sr3ScNiO6,167",0
Ni3SnN,0
ScZnPt2,0
Li3Mn4O8,0
EuClO,0
Mn2VSi,0
Eu2TeO2,0
Sb4Pb4S11,0
In3Sb,0
"LiCu5P3O13,2",0
Y3Fe29,0
VIr3,0
MgSi7Ir3,0
CeAsSe,0
"Li4Mn5Nb3O16,1",0
Cr2NiS4,0
Ca5Sb3,0
GaTc2W,0
Cr2CuS4,0
Nd3In,0
"LiMn(PO4)2,14",0
CeSi2Ni,0
VPt2,0
LaCdAg2,0
EuScO3,0
GdNiO3,0
Cu18S11,0
"Li4MgNi3O8,166",0
SmAs2Au,0
YFe2Si2,0
"Ba3YIr2O9,194",0
YbCuGe,0
YbDyPd2,0
"DyB2Rh2C,139",0
Zr3Si6Cu4,0
"MnSb3(PO4)6,146",0
Ca2ZnRh,0
Gd3Co11B4,0
SmAlCu,0
ErSnAu,0
"Li5Fe6(BO3)6,8",0
"Li4Fe2Cu3O10,2",0
BRh2,0
ScBPd3,0
CrFeP,0
ScAg,0
Hf5Sn3,0
MgCr,0
SmCu2O4,0
Sr5Sn3,0
Rb3Cu8S6,0
Ca3PbN,0
AlCu7O12,0
Co3Se4,0
CeMgNi4,0
NaC,0
LiErAu2,0
Sc3C4,0
TiFe2,0
Ce2ZnNi2,0
"Li6FeNi9O20,2",0
"Li2Ti3FeO8,166",0
MnNiP,0
NbSiIr,0
NdGa2Ni,0
TbMn5Ge3,0
CsGdO3,0
"Ce3B2(ClO2)3,176",0
ThFe2Si2,0
"KLi(WO3)3,9",0
ZrInCu2,0
GdZn,0
Zn3Cd,0
Dy3Ga,0
MgCo2S4,0
CeSiOs,0
"Li3Co3SbO8,2",0
Na9W16O48,0
Co7Mo6,0
TcB,0
Mg3Ni20P6,0
Li2GaPd,0
H2Se,0
"Li4V5Cu3O16,8",0
CeMn2Ge2,0
EuZn2Si2,0
Sc7CI12,0
NdTiGe,0
V3H4O8,0
SmNi2Sn2,0
MgMnRh2,0
Ca2Co9O13,0
CaAgF5,0
Mn3PdN,0
Si2Pd9,0
Pr27Se40,0
Tb10B7C10,0
TbRh2,0
"ThFe2SiC,63",0
"Ba3CaIr2O9,164",0
Dy2MgIn,0
"Li2Ni3TeO8,186",0
LiAgF3,0
VTe2,0
"ErAl9(Fe2Si3)2,137",0
"Ti5Zn4(TeO6)3,15",0
NdZn2Ag,0
HoZnRh2,0
BaPt5,0
Li8PO3,0
UGa3Ni,0
ZrCd,0
Pm2CuGe,0
LiMn9Se10,0
Pr4Sb3,0
Pr9Sb5O5,0
Al9Co2,0
Ta2TlO6,0
"LiCuPO4,15",0
LiTaRh2,0
Ca11Ga7,0
Zn2WN2,0
ErTlPd,0
RbBr3,0
LuAlAg2,0
CsNi2F6,0
Pm2LiIr,0
CrCo2Bi,0
DyNiGe2,0
CaPb,0
PrB2Ru2,0
La10Mn9O30,0
"BaZn(MoO2)4,162",0
BaGe3Pt,0
CaGaAu3,0
Er5NiPb3,0
TaTiFe2,0
"LiCu2(CO3)2,1",0
TbTe,0
Mg32Al36Ag13,0
SrLi2Sn,0
CaAu5,0
U2Cl5O2,0
Gd3ReO7,0
HoAlB14,0
Nb2Cr4Si5,0
LaNi12B6,0
MgSbPt,0
"Li3Ti2(PO4)3,12",0
Mg2Zr14O5,0
MnGaNi2,0
AlNi2S4,0
SmInAu,0
"Li2FeWO6,146",0
"Li2Fe3CoO8,4",0
Ca3Zr17O37,0
HfAlPd2,0
Ce3TaO7,0
"Li4Ni3BiO8,166",0
KAgO,0
"Li5Mn6(BO3)6,8",0
Ni4P3O12,0
"YTi4(CuO4)3,204",0
Cu9S5,0
"Eu2Ge(BO4)2,60",0
SrN2,0
CrFe2Se4,0
TiAsRh,0
BaCaSn3,0
CaCo2Ge2,0
"KH(CN2)3,2",0
TmMnO3,0
PrNiGe2,0
Yb2Zn3Ge3,0
SmPbAu,0
K2RuCl6,0
LuSi2Os2,0
Yb14Ti10O41,0
"Ba2CaOsO6,225",0
"Cu2PHO5,58",0
ZrSb,0
LiCuO2,0
"Te4MoW3S4,156",0
EuIn2As2,0
NiAsO3,0
LaMg3,0
CePrO2,0
"LuU2S3O2,139",0
Ti9O8,0
LiSiPd2,0
LuSi2Ni,0
Zr3Al2,0
VP4,0
Sm2TlZn,0
DyAgGe,0
MgZn2,0
GdSe2,0
"Li4NbNi3O8,166",0
BiPd,0
MnGePd,0
ThBi2,0
Yb2BaO4,0
KBi2,0
Ti10O11,0
UCr4C4,0
Rb6O,0
KTi5Se8,0
RbIn4,0
Rb15Hg16,0
CrFe2Sb,0
Fe9Co7,0
TeWCl9,0
LuAu,0
CeAl2Pt3,0
Ce2S2O,0
Yb2SmS4,0
MnS,0
UGa5Ir,0
DyCd2,0
ZrGaPt,0
CoOF,0
Ti2MnFe,0
KScO3,0
Er6MnBi2,0
YbSnRh,0
"Ca2MnAlO5,46",0
UGa2,0
"Li7Ca8Nb12O40,1",0
"Li4Mn5Ni3O16,8",0
Rb2CrF6,0
"BaTl(MoO3)2,8",0
Ta2TiN3,0
UB4H16,0
FeOF,0
Al2Cu,0
BaMn4O7,0
Y4C7,0
NiN,0
"Li4Mn(WO4)3,1",0
Rb5W18O54,0
Er2MnC4,0
Mn2GeS4,0
NdGaO3,0
Zr2Al,0
Ca2Sn2F3,0
CaNi4O6,0
Ca3Au,0
EuCl3O12,0
Nd2WC2,0
Na3UF7,0
Tb2In16Pt7,0
HfV2Ga4,0
TbSe2,0
YTi2Ga4,0
ReTe2Cl12,0
HoGeAu,0
Mn3SbO8,0
La8Mn7O24,0
VNi2,0
Ta2PtSe7,0
LaBiAu2,0
BaTh3,0
PrP,0
Tm5Ti5O17,0
Nd2Ni7P4,0
LiY2Ru,0
U2AlCo2,0
NdIn5Rh,0
"Li3Co4TeO8,12",0
"Li3Mn2(PO4)3,12",0
ThAsSe,0
V3CrO10,0
YbSmRh2,0
"RbVP2S7,5",0
Yb2MgSe4,0
NdAl7Au3,0
Ta4AlC3,0
Li3Cu4O4,0
NbCl4O2,0
TbYHg2,0
ZrAlPt,0
"Sr10Al4Si6O,71",0
"Li4Mn5Cu3O16,8",0
EuBi3,0
Mn2AlB2,0
"Li4Co5SbO12,12",0
BaLi4,0
CaGe2Rh2,0
Ti5B12O26,0
TmCo2Si2,0
MnSb2O6,0
TlCu6S4,0
Cu4As2O9,0
CuClO2,0
U6Co,0
Yb4Sb3,0
Ti5ZnO7,0
LuScRu2,0
TlTe,0
NaTl,0
Li12Fe5O16,0
TiHgO3,0
TlFeI3,0
"Li3Mn4(PO4)6,2",0
TbCl,0
Nd2ZnGa,0
Sr6Nb7O21,0
V4ZnO8,0
Al6Tc,0
"Cs2SCl6F,225",0
"Ce3NbS3O4,55",0
NbHO3,0
YbTbRh2,0
"EuSeClO3,62",0
EuNiGe3,0
Eu2PBr,0
CaCdSi,0
InHgW2,0
"Li4Ni2(PO4)3,2",0
SmHoHg2,0
PrAl3Ni2,0
Bi4I,0
HPbI3,0
Ti4NiBi2,0
Zr2Se,0
SnB,0
InAg3,0
Tm2MgRu,0
KLu,0
Nb6Co7,0
Li2MgHg,0
"LiFe2(PO4)3,1",0
Cu2OF2,0
Tl2Mo7O22,0
"Li6FeO5F,1",0
YSi2,0
SmMg3,0
HfTc,0
Na2V6O13,0
NdNi2Sn2,0
Dy2CdPd2,0
CeOs2,0
ScRh3C,0
Re5Ni2As12,0
"P2H4RhO9,5",0
LiLu2Ga,0
ZrTi2O,0
MnB2W2,0
CeCdAu2,0
ZrAlW,0
CaIrO3,0
CeSi2Au2,0
Pr4MgRu,0
MnNbO4,0
NaCdO3,0
ThAl8Fe4,0
Lu2TlAg,0
PrSbPt,0
"Mn3Cr3(CoO8)2,8",0
LiScHg2,0
Cu3P4O14,0
Ni2Mo4C,0
SmNiAs,0
Pm2NiRh,0
"Sr2YBi2O7,46",0
La16Mn15O48,0
CrCoGe,0
NaCeS2,0
YSiNi,0
ZrPd2,0
GeW6O18,0
NdBRh3,0
Ta4N5,0
"Li4Co3CuO8,166",0
Mg5Tl2,0
LaGa3Pd2,0
Co7Re17O48,0
Sm3Sc,0
Al7C3N3,0
NdScGe,0
Mg3Ru2,0
GdZnIn,0
Mg2V9O13,0
TiBr2,0
CuMoO4,0
"Li4Ti5Cr3O16,8",0
CaIn2Ir,0
HfC,0
YbSi2Rh2,0
BaAg2,0
Pr5Si4,0
Zr5SiSb3,0
CsTiF4,0
ScCoGe2,0
Mg3Tl,0
ErHg2,0
"LiMnCoO4,74",0
"Er3Al3NiGe2,189",0
HfCu2P2,0
LiMn4O8,0
Hg3As,0
YbAg2,0
ZrB2,0
PrZn,0
YbNdAg2,0
YbZnPt,0
Tm2Ga10Os3,0
CeMn2Si2,0
LiGaPd2,0
YbIn4Rh,0
YbBaSn3,0
Re2W3C,0
Li8IrO6,0
TiReN3,0
SrZr2Nb,0
Tl9SbSe6,0
Ti20Sb9Se3,0
Mn5As4,0
"EuTiClO3,12",0
"Dy7In(CoGe3)4,83",0
Te2Mo3Se4,0
CeSiI,0
SmSiCu,0
K8N3O,0
La3Re2O10,0
Sb2I2F11,0
Tb2Li6O7,0
BaSn3,0
Y3Fe62B14,0
"Eu2C(NO)2,164",0
KBiO3,0
Tb11S16,0
HoTh3,0
"Tm4In(NiGe2)2,12",0
SrIn2,0
Ca3TlN,0
RbBi2,0
Mg5As,0
ZnCo2O4,0
Rb2Mo9Se10,0
MgNiSb,0
Lu2InHg,0
Ca5Sn4S13,0
KC60,0
TiMn2Al,0
SrUS2,0
LuIr,0
EuAlO3,0
"Sr2HoRuO6,14",0
TlMo3Se3,0
SiW3,0
LaSn3Ru,0
MgTi4O6,0
LiIn2Rh,0
TiC,0
Er2SnAu2,0
EuRhO3,0
"Li3Co2(GeO4)3,230",0
NdCrGe3,0
Fe6W6C,0
SrCdSi,0
MgPb3,0
"CuPO4F,2",0
UCuP2,0
Li2NdAs2,0
Lu2CdIn,0
HfInCu2,0
"Eu3BWO9,173",0
Li2SnIr,0
DyCo2Ge2,0
PrB4,0
AsPd3Pb2,0
Zr3Ag,0
ZrTe,0
"RbB5(H2O3)4,41",0
Be22Re,0
"Li4Mn3Cr3O12,22",0
V3SiNi2,0
U2SnRh2,0
Hf2Ni,0
Mo5As4,0
V3Re,0
Yb2Ge2Ir,0
"TbBaMn2O6,51",0
"Cu2Hg2SF6,227",0
UNiSn,0
U2TeN2,0
KCo2Se2,0
KCoO2,0
Na2UI6,0
TbCo2,0
"Te4Mo(WS)2,187",0
Mn2P,0
YbMn2O5,0
YbIr2,0
CeH3O3,0
PrErIn2,0
YAl8Cu4,0
Al2FeNi,0
Tl3Si,0
Na8Cu5O10,0
Yb8Ge3Sb5,0
K3Sn,0
"Li2V3CrO8,166",0
Li3MnAs2,0
Fe3Si,0
Lu4C7,0
MnSbRh2,0
ZrInPd2,0
"Ba2BiSbO6,2",0
ScTiO3,0
ErB2Ir3,0
"Cu4H10SO12,7",0
LaCdAu,0
CuF,0
CeMgPt,0
PmGaAu2,0
TmAl4Ni,0
"Li4Co2Ni3O10,10",0
Zr3NiO,0
"TmU2S3O2,139",0
"CrH9(CN2)3,2",0
Li15Fe4O16,0
Li15Mn2O12,0
Mo2NCl8,0
Pd2N,0
PrBPt4,0
Li2TlAg,0
Ce4Si3Rh4,0
YSi2Rh2,0
"Ca2CuWO6,14",0
Mn2Nb,0
Ga8Cu3Mo2,0
Ni7P8O28,0
MgRh2Pb,0
MgCuBi,0
HoSi2Pd2,0
SrSiPd,0
"Ba2CoWO6,225",0
Lu3TlC,0
LaGeI,0
Li3CrO4,0
LiZrRh2,0
"HoSiRu2C,63",0
"Li4TiCr3O8,166",0
"Ba2CuWO6,87",0
LaRe2Ag,0
"MnFeCoGe,216",0
AlNi20B14,0
TaAs,0
Ca2Os2O7,0
TmMnGe,0
"LiMn2(PO4)2,29",0
Mn3NbO8,0
Ba5Bi3,0
Ti3Be,0
DyBPd3,0
Tm2CdHg,0
SnAs3,0
ThS,0
MgPt5,0
SrIn2Ir,0
V2GaSn2,0
"Li5Cr2Ni5O12,5",0
"Ba4Sm2Cu2O9,118",0
K3V,0
NdTlPd,0
"LiSn(PO3)4,134",0
"Ba14Pd3Ir8O33,5",0
LiGaPt2,0
Ca2Ti9O13,0
EuSn3,0
TlCoMo2,0
TbNi5,0
Bi2Pd3S2,0
Yb2Sn,0
EuF3,0
Rb3Tm,0
EuTiO3,0
ErFeC2,0
MnAs,0
Li4CrO5,0
Ho2B4C,0
"Cs2NaMgF6,225",0
Ho10Si17,0
ThCrB4,0
TbIn2Ni,0
"Li3FeNi3O8,186",0
VPO4,0
TmH2,0
"U2Cu2As3O,129",0
BaAg,0
Y2U3O11,0
Nd3AlC,0
AlB2,0
Sm2Tl,0
Ce5Ge3,0
Pr2InGe2,0
LiPr2Ru,0
NbCrN,0
V3Ag,0
ScBe5,0
TbGe2Rh2,0
HoMn12,0
Sc3Fe2Si3,0
MnInCu2,0
CePd5,0
La2PI2,0
LuAg2,0
AgPt3,0
Ag2BiO3,0
ScZnNi2,0
TaInNi,0
NiGe,0
YbGa2Pd,0
Eu3Sn,0
HoZnRh,0
La2Ge5Rh3,0
YbMgPd,0
LaGa,0
ScCdHg2,0
Ta5N6,0
Li2Lu3Ge3,0
U3Cu2Se7,0
TmMgCd2,0
YbLiPb,0
Yb2KF7,0
Li2V2F7,0
"Li3Mn(CuO3)2,12",0
MgRhF6,0
YbAl4Mo2,0
K2NbO6,0
Cu11Sb4S13,0
Dy2Ge3Pt9,0
"Li2V3FeO8,8",0
HoTlPd,0
CeAl3Ni2,0
MnSiNi2,0
LiGeRh2,0
"Li2MnNi3O8,166",0
K3Fe2S4,0
Mn2OF3,0
GdSb,0
Gd3S4,0
"In3Bi7(Pb2S9)2,11",0
LiInAg2,0
Lu2FeS4,0
Li2PrIn,0
KAg2,0
CuIr2S4,0
BaAs2Rh2,0
EuCaO2,0
NdAs2Pd2,0
Bi2P3O12,0
SrCe2Se4,0
TlZn2Tc,0
Sc14Cu14O37,0
Co2Ge,0
"Li3Fe(SbO3)4,1",0
ZrIr2,0
ScCoO3,0
Tm2MgTl,0
Nb5Ga4,0
Tb2Sb5,0
Lu2AlTc,0
"CeZnPO,166",0